Sex,RaWe,Age,WRF,BMI,Risk,Range_upper,Range_lower
F,W,50,0,15,4.1,0,0
F,W,50,1,15,6.5,4.5,9.3
F,W,50,2,15,10,5.6,17
F,W,50,3,15,16,8,27
F,W,50,4,15,24,14,36
F,W,50,5,15,35,23,43
F,W,50,6,15,49,0,0
F,W,50,0,20,3.8,0,0
F,W,50,1,20,6,4.1,8.3
F,W,50,2,20,9.2,5,16
F,W,50,3,20,14,6.9,25
F,W,50,4,20,21,12,32
F,W,50,5,20,30,20,39
F,W,50,6,20,42,0,0
F,W,50,0,25,3.7,0,0
F,W,50,1,25,5.7,3.9,7.8
F,W,50,2,25,8.7,4.6,15
F,W,50,3,25,13,6.3,23
F,W,50,4,25,19,10,30
F,W,50,5,25,27,19,36
F,W,50,6,25,38,0,0
F,W,50,0,30,3.2,0,0
F,W,50,1,30,5,3.4,6.8
F,W,50,2,30,7.6,4.1,13
F,W,50,3,30,11,5.5,21
F,W,50,4,30,17,9,27
F,W,50,5,30,24,17,32
F,W,50,6,30,34,0,0
F,W,50,0,35,2.8,0,0
F,W,50,1,35,4.4,3,6
F,W,50,2,35,6.7,3.5,12
F,W,50,3,35,10,4.8,18
F,W,50,4,35,15,7.9,24
F,W,50,5,35,21,15,28
F,W,50,6,35,30,0,0
F,W,50,0,40,2.5,0,0
F,W,50,1,40,3.8,2.6,5.2
F,W,50,2,40,5.9,3.1,10
F,W,50,3,40,8.8,4.2,16
F,W,50,4,40,13,6.8,21
F,W,50,5,40,19,13,25
F,W,50,6,40,27,0,0
F,W,50,0,45,2.2,0,0
F,W,50,1,45,3.4,2.3,4.6
F,W,50,2,45,5.2,2.7,9
F,W,50,3,45,7.7,3.7,14
F,W,50,4,45,11,6,19
F,W,50,5,45,17,12,22
F,W,50,6,45,23,0,0
F,W,55,0,15,6.4,0,0
F,W,55,1,15,10,7,14
F,W,55,2,15,15,8.8,24
F,W,55,3,15,23,13,37
F,W,55,4,15,34,21,49
F,W,55,5,15,47,34,57
F,W,55,6,15,63,0,0
F,W,55,0,20,5.9,0,0
F,W,55,1,20,9.2,6.4,12
F,W,55,2,20,14,7.8,23
F,W,55,3,20,21,11,35
F,W,55,4,20,30,18,45
F,W,55,5,20,42,30,52
F,W,55,6,20,56,0,0
F,W,55,0,25,5.7,0,0
F,W,55,1,25,8.8,6,12
F,W,55,2,25,13,7.2,22
F,W,55,3,25,19,9.8,33
F,W,55,4,25,28,16,42
F,W,55,5,25,38,28,49
F,W,55,6,25,52,0,0
F,W,55,0,30,5,0,0
F,W,55,1,30,7.7,5.3,10
F,W,55,2,30,12,6.3,19
F,W,55,3,30,17,8.6,30
F,W,55,4,30,24,14,38
F,W,55,5,30,34,25,44
F,W,55,6,30,46,0,0
F,W,55,0,35,4.4,0,0
F,W,55,1,35,6.8,4.6,9
F,W,55,2,35,10,5.5,17
F,W,55,3,35,15,7.5,26
F,W,55,4,35,22,12,34
F,W,55,5,35,30,22,40
F,W,55,6,35,42,0,0
F,W,55,0,40,3.9,0,0
F,W,55,1,40,5.9,4,7.8
F,W,55,2,40,8.9,4.8,15
F,W,55,3,40,13,6.5,24
F,W,55,4,40,19,11,30
F,W,55,5,40,27,20,36
F,W,55,6,40,37,0,0
F,W,55,0,45,3.4,0,0
F,W,55,1,45,5.2,3.5,6.9
F,W,55,2,45,7.9,4.2,13
F,W,55,3,45,12,5.7,21
F,W,55,4,45,17,9.2,27
F,W,55,5,45,24,17,32
F,W,55,6,45,33,0,0
F,W,60,0,15,8.8,0,0
F,W,60,1,15,14,9.8,18
F,W,60,2,15,21,12,31
F,W,60,3,15,30,18,46
F,W,60,4,15,43,29,58
F,W,60,5,15,57,44,67
F,W,60,6,15,72,0,0
F,W,60,0,20,8,0,0
F,W,60,1,20,12,8.6,16
F,W,60,2,20,18,11,29
F,W,60,3,20,27,15,43
F,W,60,4,20,38,25,54
F,W,60,5,20,51,39,62
F,W,60,6,20,66,0,0
F,W,60,0,25,7.6,0,0
F,W,60,1,25,12,8.1,15
F,W,60,2,25,17,9.8,27
F,W,60,3,25,25,13,41
F,W,60,4,25,35,22,51
F,W,60,5,25,47,37,58
F,W,60,6,25,61,0,0
F,W,60,0,30,6.7,0,0
F,W,60,1,30,10,7,13
F,W,60,2,30,15,8.5,24
F,W,60,3,30,22,12,37
F,W,60,4,30,31,19,46
F,W,60,5,30,42,32,53
F,W,60,6,30,56,0,0
F,W,60,0,35,5.8,0,0
F,W,60,1,35,8.9,6.1,12
F,W,60,2,35,13,7.4,22
F,W,60,3,35,19,10,33
F,W,60,4,35,27,16,42
F,W,60,5,35,38,29,48
F,W,60,6,35,51,0,0
F,W,60,0,40,5.1,0,0
F,W,60,1,40,7.8,5.3,10
F,W,60,2,40,12,6.4,19
F,W,60,3,40,17,8.8,29
F,W,60,4,40,24,14,37
F,W,60,5,40,34,25,43
F,W,60,6,40,45,0,0
F,W,60,0,45,4.5,0,0
F,W,60,1,45,6.8,4.7,8.9
F,W,60,2,45,10,5.6,17
F,W,60,3,45,15,7.6,26
F,W,60,4,45,21,12,34
F,W,60,5,45,30,22,39
F,W,60,6,45,41,0,0
F,W,65,0,15,11,0,0
F,W,65,1,15,17,13,22
F,W,65,2,15,26,17,36
F,W,65,3,15,37,24,52
F,W,65,4,15,50,37,65
F,W,65,5,15,64,53,73
F,W,65,6,15,77,0,0
F,W,65,0,20,10,0,0
F,W,65,1,20,15,11,19
F,W,65,2,20,22,14,33
F,W,65,3,20,32,20,48
F,W,65,4,20,44,32,60
F,W,65,5,20,58,47,68
F,W,65,6,20,72,0,0
F,W,65,0,25,9.3,0,0
F,W,65,1,25,14,10,18
F,W,65,2,25,21,12,32
F,W,65,3,25,29,17,46
F,W,65,4,25,40,27,57
F,W,65,5,25,54,43,65
F,W,65,6,25,68,0,0
F,W,65,0,30,8.1,0,0
F,W,65,1,30,12,8.6,16
F,W,65,2,30,18,11,28
F,W,65,3,30,26,15,41
F,W,65,4,30,36,23,52
F,W,65,5,30,48,39,59
F,W,65,6,30,62,0,0
F,W,65,0,35,7.1,0,0
F,W,65,1,35,11,7.5,14
F,W,65,2,35,16,9.1,25
F,W,65,3,35,23,13,37
F,W,65,4,35,32,20,47
F,W,65,5,35,43,34,54
F,W,65,6,35,57,0,0
F,W,65,0,40,6.2,0,0
F,W,65,1,40,9.3,6.5,12
F,W,65,2,40,14,7.9,22
F,W,65,3,40,20,11,33
F,W,65,4,40,28,18,42
F,W,65,5,40,39,30,49
F,W,65,6,40,51,0,0
F,W,65,0,45,5.4,0,0
F,W,65,1,45,8.1,5.6,11
F,W,65,2,45,12,6.9,20
F,W,65,3,45,18,9.4,29
F,W,65,4,45,25,15,38
F,W,65,5,45,34,27,44
F,W,65,6,45,46,0,0
F,W,70,0,15,15,0,0
F,W,70,1,15,23,17,27
F,W,70,2,15,33,23,43
F,W,70,3,15,46,33,60
F,W,70,4,15,61,49,74
F,W,70,5,15,74,68,81
F,W,70,6,15,82,0,0
F,W,70,0,20,13,0,0
F,W,70,1,20,19,14,24
F,W,70,2,20,28,19,37
F,W,70,3,20,39,27,53
F,W,70,4,20,53,41,67
F,W,70,5,20,68,61,77
F,W,70,6,20,80,0,0
F,W,70,0,25,12,0,0
F,W,70,1,25,17,13,21
F,W,70,2,25,24,16,33
F,W,70,3,25,34,22,48
F,W,70,4,25,46,35,61
F,W,70,5,25,61,53,70
F,W,70,6,25,75,0,0
F,W,70,0,30,10,0,0
F,W,70,1,30,14,11,18
F,W,70,2,30,21,13,29
F,W,70,3,30,29,19,42
F,W,70,4,30,40,30,55
F,W,70,5,30,54,46,64
F,W,70,6,30,69,0,0
F,W,70,0,35,8.6,0,0
F,W,70,1,35,12,9.3,16
F,W,70,2,35,18,12,25
F,W,70,3,35,25,16,37
F,W,70,4,35,35,26,49
F,W,70,5,35,48,40,57
F,W,70,6,35,62,0,0
F,W,70,0,40,7.5,0,0
F,W,70,1,40,11,8,14
F,W,70,2,40,15,9.9,22
F,W,70,3,40,22,14,33
F,W,70,4,40,31,22,43
F,W,70,5,40,42,35,51
F,W,70,6,40,56,0,0
F,W,70,0,45,6.5,0,0
F,W,70,1,45,9.4,6.9,12
F,W,70,2,45,13,8.5,19
F,W,70,3,45,19,12,28
F,W,70,4,45,27,19,38
F,W,70,5,45,37,30,45
F,W,70,6,45,49,0,0
F,W,75,0,15,20,0,0
F,W,75,1,15,31,23,41
F,W,75,2,15,44,31,59
F,W,75,3,15,59,44,73
F,W,75,4,15,71,57,81
F,W,75,5,15,80,71,85
F,W,75,6,15,85,0,0
F,W,75,0,20,17,0,0
F,W,75,1,20,25,19,32
F,W,75,2,20,37,25,49
F,W,75,3,20,52,36,67
F,W,75,4,20,67,52,78
F,W,75,5,20,78,69,84
F,W,75,6,20,85,0,0
F,W,75,0,25,15,0,0
F,W,75,1,25,22,16,25
F,W,75,2,25,31,21,40
F,W,75,3,25,44,30,58
F,W,75,4,25,59,45,73
F,W,75,5,25,74,64,81
F,W,75,6,25,84,0,0
F,W,75,0,30,13,0,0
F,W,75,1,30,18,14,22
F,W,75,2,30,27,18,34
F,W,75,3,30,38,25,51
F,W,75,4,30,52,39,66
F,W,75,5,30,67,57,76
F,W,75,6,30,80,0,0
F,W,75,0,35,11,0,0
F,W,75,1,35,16,12,19
F,W,75,2,35,23,15,29
F,W,75,3,35,33,21,45
F,W,75,4,35,45,33,59
F,W,75,5,35,60,51,70
F,W,75,6,35,74,0,0
F,W,75,0,40,9.3,0,0
F,W,75,1,40,13,10,16
F,W,75,2,40,19,13,25
F,W,75,3,40,28,18,39
F,W,75,4,40,39,28,52
F,W,75,5,40,53,44,63
F,W,75,6,40,68,0,0
F,W,75,0,45,8,0,0
F,W,75,1,45,11,8.6,14
F,W,75,2,45,16,11,22
F,W,75,3,45,24,15,33
F,W,75,4,45,34,24,46
F,W,75,5,45,47,39,56
F,W,75,6,45,61,0,0
F,W,80,0,15,26,0,0
F,W,80,1,15,38,29,51
F,W,80,2,15,51,38,65
F,W,80,3,15,63,49,75
F,W,80,4,15,72,60,81
F,W,80,5,15,79,71,84
F,W,80,6,15,83,0,0
F,W,80,0,20,23,0,0
F,W,80,1,20,33,25,43
F,W,80,2,20,46,33,58
F,W,80,3,20,59,45,71
F,W,80,4,20,70,59,79
F,W,80,5,20,79,70,84
F,W,80,6,20,84,0,0
F,W,80,0,25,20,0,0
F,W,80,1,25,29,22,34
F,W,80,2,25,40,28,51
F,W,80,3,25,53,39,65
F,W,80,4,25,67,54,77
F,W,80,5,25,77,68,83
F,W,80,6,25,84,0,0
F,W,80,0,30,17,0,0
F,W,80,1,30,25,19,29
F,W,80,2,30,34,24,44
F,W,80,3,30,47,34,59
F,W,80,4,30,60,48,72
F,W,80,5,30,72,62,79
F,W,80,6,30,81,0,0
F,W,80,0,35,15,0,0
F,W,80,1,35,21,16,24
F,W,80,2,35,29,20,37
F,W,80,3,35,41,29,52
F,W,80,4,35,53,41,66
F,W,80,5,35,66,56,74
F,W,80,6,35,77,0,0
F,W,80,0,40,13,0,0
F,W,80,1,40,18,13,21
F,W,80,2,40,25,17,32
F,W,80,3,40,35,24,45
F,W,80,4,40,47,35,59
F,W,80,5,40,60,50,69
F,W,80,6,40,72,0,0
F,W,80,0,45,11,0,0
F,W,80,1,45,15,11,18
F,W,80,2,45,21,14,27
F,W,80,3,45,30,20,39
F,W,80,4,45,41,30,52
F,W,80,5,45,53,44,62
F,W,80,6,45,66,0,0
F,W,85,0,15,28,0,0
F,W,85,1,15,40,31,54
F,W,85,2,15,53,40,67
F,W,85,3,15,64,50,76
F,W,85,4,15,73,62,81
F,W,85,5,15,79,72,82
F,W,85,6,15,81,0,0
F,W,85,0,20,25,0,0
F,W,85,1,20,36,28,47
F,W,85,2,20,48,35,62
F,W,85,3,20,61,47,73
F,W,85,4,20,72,60,80
F,W,85,5,20,79,71,84
F,W,85,6,20,83,0,0
F,W,85,0,25,23,0,0
F,W,85,1,25,32,25,39
F,W,85,2,25,44,31,54
F,W,85,3,25,57,43,68
F,W,85,4,25,69,57,79
F,W,85,5,25,78,70,84
F,W,85,6,25,84,0,0
F,W,85,0,30,19,0,0
F,W,85,1,30,27,21,33
F,W,85,2,30,38,26,47
F,W,85,3,30,50,37,62
F,W,85,4,30,63,50,74
F,W,85,5,30,74,64,80
F,W,85,6,30,81,0,0
F,W,85,0,35,16,0,0
F,W,85,1,35,23,17,28
F,W,85,2,35,32,22,41
F,W,85,3,35,44,31,55
F,W,85,4,35,56,43,68
F,W,85,5,35,68,58,76
F,W,85,6,35,77,0,0
F,W,85,0,40,14,0,0
F,W,85,1,40,20,15,23
F,W,85,2,40,27,19,35
F,W,85,3,40,38,27,48
F,W,85,4,40,50,37,62
F,W,85,5,40,62,51,71
F,W,85,6,40,73,0,0
F,W,85,0,45,12,0,0
F,W,85,1,45,17,12,19
F,W,85,2,45,23,16,30
F,W,85,3,45,32,22,42
F,W,85,4,45,43,32,55
F,W,85,5,45,56,45,64
F,W,85,6,45,67,0,0
F,W,90,0,15,23,0,0
F,W,90,1,15,34,25,47
F,W,90,2,15,46,33,61
F,W,90,3,15,58,43,71
F,W,90,4,15,68,54,77
F,W,90,5,15,74,66,78
F,W,90,6,15,76,0,0
F,W,90,0,20,21,0,0
F,W,90,1,20,31,23,41
F,W,90,2,20,42,30,56
F,W,90,3,20,54,40,68
F,W,90,4,20,66,52,75
F,W,90,5,20,74,64,80
F,W,90,6,20,79,0,0
F,W,90,0,25,20,0,0
F,W,90,1,25,28,21,35
F,W,90,2,25,38,27,49
F,W,90,3,25,51,37,63
F,W,90,4,25,63,50,73
F,W,90,5,25,73,62,79
F,W,90,6,25,80,0,0
F,W,90,0,30,17,0,0
F,W,90,1,30,24,18,30
F,W,90,2,30,33,23,42
F,W,90,3,30,44,31,56
F,W,90,4,30,56,43,68
F,W,90,5,30,68,56,75
F,W,90,6,30,76,0,0
F,W,90,0,35,14,0,0
F,W,90,1,35,20,15,25
F,W,90,2,35,28,19,36
F,W,90,3,35,38,26,49
F,W,90,4,35,50,37,61
F,W,90,5,35,62,50,70
F,W,90,6,35,72,0,0
F,W,90,0,40,12,0,0
F,W,90,1,40,17,12,20
F,W,90,2,40,23,16,31
F,W,90,3,40,32,22,43
F,W,90,4,40,43,31,55
F,W,90,5,40,55,44,64
F,W,90,6,40,66,0,0
F,W,90,0,45,9.9,0,0
F,W,90,1,45,14,10,17
F,W,90,2,45,20,13,26
F,W,90,3,45,27,18,36
F,W,90,4,45,37,26,48
F,W,90,5,45,48,38,58
F,W,90,6,45,60,0,0
M,W,50,0,15,3,0,0
M,W,50,1,15,4.7,3.2,6.8
M,W,50,2,15,7.3,3.9,12
M,W,50,3,15,11,5.5,19
M,W,50,4,15,17,9,26
M,W,50,5,15,24,16,32
M,W,50,6,15,34,0,0
M,W,50,0,20,2.9,0,0
M,W,50,1,20,4.6,3.1,6.4
M,W,50,2,20,7,3.7,12
M,W,50,3,20,11,5.1,19
M,W,50,4,20,15,8.2,25
M,W,50,5,20,22,15,30
M,W,50,6,20,31,0,0
M,W,50,0,25,2.9,0,0
M,W,50,1,25,4.5,3,6.2
M,W,50,2,25,6.9,3.6,12
M,W,50,3,25,10,4.9,19
M,W,50,4,25,15,7.9,24
M,W,50,5,25,21,15,29
M,W,50,6,25,30,0,0
M,W,50,0,30,2.6,0,0
M,W,50,1,30,4,2.6,5.4
M,W,50,2,30,6,3.2,11
M,W,50,3,30,9,4.3,16
M,W,50,4,30,13,6.8,22
M,W,50,5,30,19,13,25
M,W,50,6,30,26,0,0
M,W,50,0,35,2.3,0,0
M,W,50,1,35,3.5,2.3,4.7
M,W,50,2,35,5.3,2.8,9.3
M,W,50,3,35,7.9,3.7,14
M,W,50,4,35,11,5.9,19
M,W,50,5,35,17,11,22
M,W,50,6,35,23,0,0
M,W,50,0,40,2,0,0
M,W,50,1,40,3,2,4.1
M,W,50,2,40,4.6,2.4,8.2
M,W,50,3,40,6.9,3.3,13
M,W,50,4,40,10,5.2,17
M,W,50,5,40,14,10,20
M,W,50,6,40,20,0,0
M,W,50,0,45,1.7,0,0
M,W,50,1,45,2.7,1.8,3.6
M,W,50,2,45,4,2.1,7.2
M,W,50,3,45,6,2.8,11
M,W,50,4,45,8.8,4.5,15
M,W,50,5,45,13,8.8,17
M,W,50,6,45,18,0,0
M,W,55,0,15,4.2,0,0
M,W,55,1,15,6.5,4.4,9.2
M,W,55,2,15,10,5.5,16
M,W,55,3,15,15,7.9,25
M,W,55,4,15,22,12,33
M,W,55,5,15,30,21,39
M,W,55,6,15,42,0,0
M,W,55,0,20,4.2,0,0
M,W,55,1,20,6.4,4.3,8.7
M,W,55,2,20,9.6,5.3,16
M,W,55,3,20,14,7.3,24
M,W,55,4,20,21,12,32
M,W,55,5,20,29,20,38
M,W,55,6,20,39,0,0
M,W,55,0,25,4.2,0,0
M,W,55,1,25,6.3,4.3,8.5
M,W,55,2,25,9.5,5.1,16
M,W,55,3,25,14,7,24
M,W,55,4,25,20,11,32
M,W,55,5,25,28,20,37
M,W,55,6,25,38,0,0
M,W,55,0,30,3.6,0,0
M,W,55,1,30,5.5,3.7,7.4
M,W,55,2,30,8.3,4.5,14
M,W,55,3,30,12,6.1,22
M,W,55,4,30,18,9.6,28
M,W,55,5,30,25,18,33
M,W,55,6,30,34,0,0
M,W,55,0,35,3.2,0,0
M,W,55,1,35,4.9,3.3,6.5
M,W,55,2,35,7.3,3.9,13
M,W,55,3,35,11,5.3,19
M,W,55,4,35,15,8.3,25
M,W,55,5,35,22,16,29
M,W,55,6,35,30,0,0
M,W,55,0,40,2.8,0,0
M,W,55,1,40,4.2,2.8,5.7
M,W,55,2,40,6.4,3.4,11
M,W,55,3,40,9.4,4.6,17
M,W,55,4,40,14,7.2,22
M,W,55,5,40,19,14,26
M,W,55,6,40,27,0,0
M,W,55,0,45,2.4,0,0
M,W,55,1,45,3.7,2.5,4.9
M,W,55,2,45,5.6,3,9.7
M,W,55,3,45,8.2,4,15
M,W,55,4,45,12,6.2,20
M,W,55,5,45,17,12,23
M,W,55,6,45,23,0,0
M,W,60,0,15,5.2,0,0
M,W,60,1,15,8,5.5,11
M,W,60,2,15,12,7.1,19
M,W,60,3,15,18,10,28
M,W,60,4,15,25,16,37
M,W,60,5,15,35,25,44
M,W,60,6,15,46,0,0
M,W,60,0,20,5.1,0,0
M,W,60,1,20,7.8,5.3,10
M,W,60,2,20,12,6.6,19
M,W,60,3,20,17,9.3,28
M,W,60,4,20,24,15,36
M,W,60,5,20,33,24,43
M,W,60,6,20,45,0,0
M,W,60,0,25,5,0,0
M,W,60,1,25,7.6,5.2,10
M,W,60,2,25,11,6.3,19
M,W,60,3,25,17,8.7,28
M,W,60,4,25,23,14,36
M,W,60,5,25,32,24,42
M,W,60,6,25,43,0,0
M,W,60,0,30,4.4,0,0
M,W,60,1,30,6.7,4.5,8.7
M,W,60,2,30,9.9,5.5,17
M,W,60,3,30,14,7.5,25
M,W,60,4,30,21,12,32
M,W,60,5,30,29,21,37
M,W,60,6,30,39,0,0
M,W,60,0,35,3.8,0,0
M,W,60,1,35,5.8,3.9,7.6
M,W,60,2,35,8.6,4.7,15
M,W,60,3,35,13,6.5,22
M,W,60,4,35,18,10,28
M,W,60,5,35,25,18,33
M,W,60,6,35,34,0,0
M,W,60,0,40,3.3,0,0
M,W,60,1,40,5.1,3.4,6.6
M,W,60,2,40,7.5,4.1,13
M,W,60,3,40,11,5.6,19
M,W,60,4,40,16,8.7,25
M,W,60,5,40,22,16,30
M,W,60,6,40,30,0,0
M,W,60,0,45,2.9,0,0
M,W,60,1,45,4.4,3,5.8
M,W,60,2,45,6.6,3.6,11
M,W,60,3,45,9.6,4.8,17
M,W,60,4,45,14,7.5,22
M,W,60,5,45,19,14,26
M,W,60,6,45,27,0,0
M,W,65,0,15,6,0,0
M,W,65,1,15,9.1,6.4,12
M,W,65,2,15,13,8.4,20
M,W,65,3,15,19,13,28
M,W,65,4,15,27,19,38
M,W,65,5,15,37,28,46
M,W,65,6,15,47,0,0
M,W,65,0,20,5.7,0,0
M,W,65,1,20,8.6,6,11
M,W,65,2,20,13,7.6,20
M,W,65,3,20,18,11,29
M,W,65,4,20,26,17,38
M,W,65,5,20,35,27,45
M,W,65,6,20,46,0,0
M,W,65,0,25,5.6,0,0
M,W,65,1,25,8.4,5.8,11
M,W,65,2,25,12,7.2,20
M,W,65,3,25,18,10,29
M,W,65,4,25,25,16,37
M,W,65,5,25,34,26,44
M,W,65,6,25,45,0,0
M,W,65,0,30,4.8,0,0
M,W,65,1,30,7.3,5,9.4
M,W,65,2,30,11,6.1,17
M,W,65,3,30,15,8.6,26
M,W,65,4,30,22,13,33
M,W,65,5,30,30,23,39
M,W,65,6,30,40,0,0
M,W,65,0,35,4.2,0,0
M,W,65,1,35,6.3,4.3,8.1
M,W,65,2,35,9.3,5.2,15
M,W,65,3,35,13,7.3,22
M,W,65,4,35,19,11,29
M,W,65,5,35,26,20,35
M,W,65,6,35,35,0,0
M,W,65,0,40,3.6,0,0
M,W,65,1,40,5.4,3.7,7.1
M,W,65,2,40,8,4.5,13
M,W,65,3,40,12,6.2,20
M,W,65,4,40,16,9.6,26
M,W,65,5,40,23,17,30
M,W,65,6,40,31,0,0
M,W,65,0,45,3.1,0,0
M,W,65,1,45,4.7,3.2,6.2
M,W,65,2,45,6.9,3.9,12
M,W,65,3,45,10,5.3,17
M,W,65,4,45,14,8.1,23
M,W,65,5,45,20,15,27
M,W,65,6,45,27,0,0
M,W,70,0,15,7.2,0,0
M,W,70,1,15,11,7.8,14
M,W,70,2,15,16,10,23
M,W,70,3,15,23,15,33
M,W,70,4,15,32,22,43
M,W,70,5,15,43,37,52
M,W,70,6,15,54,0,0
M,W,70,0,20,6.7,0,0
M,W,70,1,20,9.8,7.2,13
M,W,70,2,20,14,9.3,21
M,W,70,3,20,21,14,30
M,W,70,4,20,30,21,41
M,W,70,5,20,40,34,50
M,W,70,6,20,52,0,0
M,W,70,0,25,6.3,0,0
M,W,70,1,25,9.2,6.7,12
M,W,70,2,25,13,8.5,19
M,W,70,3,25,19,12,28
M,W,70,4,25,27,19,38
M,W,70,5,25,37,30,46
M,W,70,6,25,49,0,0
M,W,70,0,30,5.4,0,0
M,W,70,1,30,7.8,5.7,10
M,W,70,2,30,11,7.1,16
M,W,70,3,30,16,10,24
M,W,70,4,30,23,16,33
M,W,70,5,30,32,26,40
M,W,70,6,30,43,0,0
M,W,70,0,35,4.6,0,0
M,W,70,1,35,6.7,4.8,8.7
M,W,70,2,35,9.6,6,14
M,W,70,3,35,14,8.6,21
M,W,70,4,35,19,13,28
M,W,70,5,35,27,22,35
M,W,70,6,35,37,0,0
M,W,70,0,40,4,0,0
M,W,70,1,40,5.7,4.1,7.5
M,W,70,2,40,8.2,5.1,12
M,W,70,3,40,12,7.2,18
M,W,70,4,40,16,11,24
M,W,70,5,40,23,18,30
M,W,70,6,40,32,0,0
M,W,70,0,45,3.4,0,0
M,W,70,1,45,4.9,3.5,6.4
M,W,70,2,45,6.9,4.3,10
M,W,70,3,45,9.9,6.1,15
M,W,70,4,45,14,9.2,21
M,W,70,5,45,20,15,26
M,W,70,6,45,27,0,0
M,W,75,0,15,9,0,0
M,W,75,1,15,14,9.8,21
M,W,75,2,15,22,13,33
M,W,75,3,15,31,18,46
M,W,75,4,15,42,27,55
M,W,75,5,15,54,40,63
M,W,75,6,15,65,0,0
M,W,75,0,20,8.2,0,0
M,W,75,1,20,13,8.9,17
M,W,75,2,20,19,12,28
M,W,75,3,20,28,17,40
M,W,75,4,20,39,26,52
M,W,75,5,20,52,39,61
M,W,75,6,20,63,0,0
M,W,75,0,25,7.6,0,0
M,W,75,1,25,11,8.1,14
M,W,75,2,25,17,11,23
M,W,75,3,25,25,16,35
M,W,75,4,25,35,23,48
M,W,75,5,25,48,37,58
M,W,75,6,25,61,0,0
M,W,75,0,30,6.3,0,0
M,W,75,1,30,9.3,6.8,11
M,W,75,2,30,14,8.8,19
M,W,75,3,30,20,13,29
M,W,75,4,30,30,19,41
M,W,75,5,30,41,31,51
M,W,75,6,30,54,0,0
M,W,75,0,35,5.3,0,0
M,W,75,1,35,7.8,5.6,9.6
M,W,75,2,35,11,7.3,16
M,W,75,3,35,17,11,24
M,W,75,4,35,25,16,35
M,W,75,5,35,35,26,44
M,W,75,6,35,47,0,0
M,W,75,0,40,4.5,0,0
M,W,75,1,40,6.5,4.7,8.1
M,W,75,2,40,9.5,6,13
M,W,75,3,40,14,8.8,20
M,W,75,4,40,20,13,29
M,W,75,5,40,29,22,37
M,W,75,6,40,41,0,0
M,W,75,0,45,3.8,0,0
M,W,75,1,45,5.4,3.9,6.9
M,W,75,2,45,7.9,5,11
M,W,75,3,45,12,7.3,17
M,W,75,4,45,17,11,24
M,W,75,5,45,24,18,31
M,W,75,6,45,34,0,0
M,W,80,0,15,12,0,0
M,W,80,1,15,18,13,27
M,W,80,2,15,26,17,39
M,W,80,3,15,36,23,50
M,W,80,4,15,47,32,60
M,W,80,5,15,58,44,66
M,W,80,6,15,68,0,0
M,W,80,0,20,11,0,0
M,W,80,1,20,16,12,23
M,W,80,2,20,24,16,35
M,W,80,3,20,34,22,47
M,W,80,4,20,45,31,56
M,W,80,5,20,56,42,65
M,W,80,6,20,66,0,0
M,W,80,0,25,9.8,0,0
M,W,80,1,25,15,11,19
M,W,80,2,25,21,14,29
M,W,80,3,25,31,20,41
M,W,80,4,25,42,29,53
M,W,80,5,25,54,41,63
M,W,80,6,25,65,0,0
M,W,80,0,30,8.1,0,0
M,W,80,1,30,12,8.7,16
M,W,80,2,30,18,11,24
M,W,80,3,30,26,17,35
M,W,80,4,30,35,24,47
M,W,80,5,30,47,35,56
M,W,80,6,30,58,0,0
M,W,80,0,35,6.8,0,0
M,W,80,1,35,9.9,7.1,13
M,W,80,2,35,15,9.4,20
M,W,80,3,35,21,14,29
M,W,80,4,35,30,20,40
M,W,80,5,35,40,30,49
M,W,80,6,35,52,0,0
M,W,80,0,40,5.6,0,0
M,W,80,1,40,8.2,5.9,10
M,W,80,2,40,12,7.7,16
M,W,80,3,40,17,11,24
M,W,80,4,40,25,16,34
M,W,80,5,40,34,25,43
M,W,80,6,40,45,0,0
M,W,80,0,45,4.7,0,0
M,W,80,1,45,6.8,4.8,8.4
M,W,80,2,45,9.8,6.3,13
M,W,80,3,45,14,8.9,20
M,W,80,4,45,20,13,28
M,W,80,5,45,29,21,36
M,W,80,6,45,39,0,0
M,W,85,0,15,14,0,0
M,W,85,1,15,21,15,32
M,W,85,2,15,30,20,45
M,W,85,3,15,41,27,56
M,W,85,4,15,53,37,65
M,W,85,5,15,63,50,70
M,W,85,6,15,71,0,0
M,W,85,0,20,12,0,0
M,W,85,1,20,19,13,27
M,W,85,2,20,27,18,40
M,W,85,3,20,38,25,52
M,W,85,4,20,50,35,62
M,W,85,5,20,61,47,69
M,W,85,6,20,70,0,0
M,W,85,0,25,11,0,0
M,W,85,1,25,16,12,22
M,W,85,2,25,24,16,33
M,W,85,3,25,34,23,46
M,W,85,4,25,46,33,58
M,W,85,5,25,58,45,67
M,W,85,6,25,69,0,0
M,W,85,0,30,9,0,0
M,W,85,1,30,13,9.7,18
M,W,85,2,30,20,13,28
M,W,85,3,30,29,19,39
M,W,85,4,30,40,27,51
M,W,85,5,30,52,39,61
M,W,85,6,30,63,0,0
M,W,85,0,35,7.4,0,0
M,W,85,1,35,11,7.9,15
M,W,85,2,35,16,11,23
M,W,85,3,35,24,15,33
M,W,85,4,35,34,23,44
M,W,85,5,35,45,33,54
M,W,85,6,35,57,0,0
M,W,85,0,40,6.1,0,0
M,W,85,1,40,9.1,6.4,12
M,W,85,2,40,13,8.5,19
M,W,85,3,40,20,12,27
M,W,85,4,40,28,18,38
M,W,85,5,40,38,27,47
M,W,85,6,40,50,0,0
M,W,85,0,45,5.1,0,0
M,W,85,1,45,7.4,5.3,9.6
M,W,85,2,45,11,6.9,15
M,W,85,3,45,16,9.9,23
M,W,85,4,45,23,15,32
M,W,85,5,45,32,23,40
M,W,85,6,45,43,0,0
M,W,90,0,15,12,0,0
M,W,90,1,15,19,13,29
M,W,90,2,15,28,18,42
M,W,90,3,15,39,25,53
M,W,90,4,15,50,35,62
M,W,90,5,15,61,47,68
M,W,90,6,15,68,0,0
M,W,90,0,20,10,0,0
M,W,90,1,20,16,11,25
M,W,90,2,20,24,16,37
M,W,90,3,20,35,22,48
M,W,90,4,20,47,32,58
M,W,90,5,20,59,44,67
M,W,90,6,20,68,0,0
M,W,90,0,25,9.4,0,0
M,W,90,1,25,14,10,20
M,W,90,2,25,22,14,31
M,W,90,3,25,31,20,43
M,W,90,4,25,43,29,54
M,W,90,5,25,55,41,64
M,W,90,6,25,66,0,0
M,W,90,0,30,7.7,0,0
M,W,90,1,30,12,8.2,17
M,W,90,2,30,18,11,25
M,W,90,3,30,26,16,36
M,W,90,4,30,36,24,47
M,W,90,5,30,48,34,57
M,W,90,6,30,60,0,0
M,W,90,0,35,6.2,0,0
M,W,90,1,35,9.4,6.6,13
M,W,90,2,35,14,9,21
M,W,90,3,35,21,13,30
M,W,90,4,35,30,20,41
M,W,90,5,35,41,29,50
M,W,90,6,35,54,0,0
M,W,90,0,40,5.1,0,0
M,W,90,1,40,7.6,5.3,11
M,W,90,2,40,12,7.2,17
M,W,90,3,40,17,10,25
M,W,90,4,40,25,16,34
M,W,90,5,40,35,24,43
M,W,90,6,40,47,0,0
M,W,90,0,45,4.2,0,0
M,W,90,1,45,6.2,4.3,8.4
M,W,90,2,45,9.3,5.8,13
M,W,90,3,45,14,8.2,20
M,W,90,4,45,20,13,28
M,W,90,5,45,29,19,37
M,W,90,6,45,40,0,0
F,B,50,0,15,1.8,0,0
F,B,50,1,15,2.9,2,4.2
F,B,50,2,15,4.6,2.5,7.7
F,B,50,3,15,7.2,3.5,13
F,B,50,4,15,11,6.1,18
F,B,50,5,15,17,11,22
F,B,50,6,15,25,0,0
F,B,50,0,20,1.7,0,0
F,B,50,1,20,2.7,1.8,3.7
F,B,50,2,20,4.1,2.2,7.1
F,B,50,3,20,6.4,3.1,12
F,B,50,4,20,9.7,5.2,16
F,B,50,5,20,14,9.5,19
F,B,50,6,20,21,0,0
F,B,50,0,25,1.6,0,0
F,B,50,1,25,2.5,1.7,3.5
F,B,50,2,25,3.9,2.1,6.8
F,B,50,3,25,6,2.8,11
F,B,50,4,25,8.9,4.7,15
F,B,50,5,25,13,8.9,18
F,B,50,6,25,19,0,0
F,B,50,0,30,1.4,0,0
F,B,50,1,30,2.2,1.5,3
F,B,50,2,30,3.4,1.8,6
F,B,50,3,30,5.2,2.5,9.6
F,B,50,4,30,7.8,4,13
F,B,50,5,30,11,7.8,15
F,B,50,6,30,17,0,0
F,B,50,0,35,1.3,0,0
F,B,50,1,35,1.9,1.3,2.7
F,B,50,2,35,3,1.6,5.3
F,B,50,3,35,4.5,2.1,8.5
F,B,50,4,35,6.8,3.5,11
F,B,50,5,35,10,6.8,14
F,B,50,6,35,14,0,0
F,B,50,0,40,1.1,0,0
F,B,50,1,40,1.7,1.1,2.3
F,B,50,2,40,2.6,1.4,4.6
F,B,50,3,40,4,1.9,7.4
F,B,50,4,40,5.9,3,9.9
F,B,50,5,40,8.7,5.9,12
F,B,50,6,40,13,0,0
F,B,50,0,45,1,0,0
F,B,50,1,45,1.5,1,2
F,B,50,2,45,2.3,1.2,4.1
F,B,50,3,45,3.5,1.6,6.5
F,B,50,4,45,5.2,2.6,8.7
F,B,50,5,45,7.6,5.2,10
F,B,50,6,45,11,0,0
F,B,55,0,15,2.8,0,0
F,B,55,1,15,4.4,3.1,6.3
F,B,55,2,15,7,3.9,11
F,B,55,3,15,11,5.6,18
F,B,55,4,15,16,9.6,25
F,B,55,5,15,24,16,31
F,B,55,6,15,35,0,0
F,B,55,0,20,2.6,0,0
F,B,55,1,20,4.1,2.8,5.6
F,B,55,2,20,6.3,3.5,11
F,B,55,3,20,9.6,4.9,17
F,B,55,4,20,14,8.1,23
F,B,55,5,20,21,14,27
F,B,55,6,20,30,0,0
F,B,55,0,25,2.6,0,0
F,B,55,1,25,4,2.7,5.3
F,B,55,2,25,6,3.2,10
F,B,55,3,25,9,4.4,16
F,B,55,4,25,13,7.3,21
F,B,55,5,25,19,14,26
F,B,55,6,25,27,0,0
F,B,55,0,30,2.2,0,0
F,B,55,1,30,3.5,2.3,4.6
F,B,55,2,30,5.3,2.8,9
F,B,55,3,30,7.9,3.8,14
F,B,55,4,30,12,6.3,19
F,B,55,5,30,17,12,22
F,B,55,6,30,24,0,0
F,B,55,0,35,2,0,0
F,B,55,1,35,3,2,4
F,B,55,2,35,4.6,2.5,7.9
F,B,55,3,35,6.9,3.3,13
F,B,55,4,35,10,5.5,17
F,B,55,5,35,15,10,20
F,B,55,6,35,21,0,0
F,B,55,0,40,1.7,0,0
F,B,55,1,40,2.6,1.8,3.5
F,B,55,2,40,4,2.1,7
F,B,55,3,40,6,2.9,11
F,B,55,4,40,8.9,4.7,15
F,B,55,5,40,13,9.1,17
F,B,55,6,40,18,0,0
F,B,55,0,45,1.5,0,0
F,B,55,1,45,2.3,1.6,3.1
F,B,55,2,45,3.5,1.9,6.1
F,B,55,3,45,5.3,2.5,9.7
F,B,55,4,45,7.8,4.1,13
F,B,55,5,45,11,7.9,15
F,B,55,6,45,16,0,0
F,B,60,0,15,3.9,0,0
F,B,60,1,15,6.1,4.3,8.3
F,B,60,2,15,9.4,5.5,15
F,B,60,3,15,14,8.1,23
F,B,60,4,15,21,14,31
F,B,60,5,15,31,22,39
F,B,60,6,15,43,0,0
F,B,60,0,20,3.6,0,0
F,B,60,1,20,5.5,3.8,7.4
F,B,60,2,20,8.4,4.8,14
F,B,60,3,20,13,6.8,21
F,B,60,4,20,19,11,29
F,B,60,5,20,27,19,34
F,B,60,6,20,38,0,0
F,B,60,0,25,3.4,0,0
F,B,60,1,25,5.2,3.6,6.9
F,B,60,2,25,7.9,4.4,13
F,B,60,3,25,12,6.1,20
F,B,60,4,25,17,10,27
F,B,60,5,25,24,18,32
F,B,60,6,25,34,0,0
F,B,60,0,30,3,0,0
F,B,60,1,30,4.6,3.1,6
F,B,60,2,30,6.9,3.8,12
F,B,60,3,30,10,5.2,18
F,B,60,4,30,15,8.6,24
F,B,60,5,30,21,16,28
F,B,60,6,30,30,0,0
F,B,60,0,35,2.6,0,0
F,B,60,1,35,4,2.7,5.2
F,B,60,2,35,6,3.3,10
F,B,60,3,35,8.9,4.5,16
F,B,60,4,35,13,7.4,21
F,B,60,5,35,19,14,25
F,B,60,6,35,26,0,0
F,B,60,0,40,2.3,0,0
F,B,60,1,40,3.5,2.4,4.5
F,B,60,2,40,5.2,2.9,8.9
F,B,60,3,40,7.8,3.9,14
F,B,60,4,40,11,6.4,18
F,B,60,5,40,16,12,22
F,B,60,6,40,23,0,0
F,B,60,0,45,2,0,0
F,B,60,1,45,3,2.1,4
F,B,60,2,45,4.6,2.5,7.8
F,B,60,3,45,6.8,3.4,12
F,B,60,4,45,10,5.5,16
F,B,60,5,45,14,10,19
F,B,60,6,45,20,0,0
F,B,65,0,15,5,0,0
F,B,65,1,15,7.7,5.6,10
F,B,65,2,15,12,7.4,17
F,B,65,3,15,18,11,27
F,B,65,4,15,26,18,36
F,B,65,5,15,36,28,45
F,B,65,6,15,49,0,0
F,B,65,0,20,4.5,0,0
F,B,65,1,20,6.9,4.9,8.9
F,B,65,2,20,10,6.2,16
F,B,65,3,20,15,9,25
F,B,65,4,20,23,15,33
F,B,65,5,20,32,24,40
F,B,65,6,20,44,0,0
F,B,65,0,25,4.2,0,0
F,B,65,1,25,6.4,4.5,8.2
F,B,65,2,25,9.6,5.5,15
F,B,65,3,25,14,7.8,24
F,B,65,4,25,20,13,31
F,B,65,5,25,29,22,37
F,B,65,6,25,40,0,0
F,B,65,0,30,3.6,0,0
F,B,65,1,30,5.5,3.8,7.1
F,B,65,2,30,8.3,4.7,13
F,B,65,3,30,12,6.6,21
F,B,65,4,30,18,11,27
F,B,65,5,30,25,19,33
F,B,65,6,30,35,0,0
F,B,65,0,35,3.1,0,0
F,B,65,1,35,4.8,3.3,6.2
F,B,65,2,35,7.2,4.1,12
F,B,65,3,35,11,5.7,18
F,B,65,4,35,15,9.3,24
F,B,65,5,35,22,16,29
F,B,65,6,35,30,0,0
F,B,65,0,40,2.7,0,0
F,B,65,1,40,4.2,2.9,5.4
F,B,65,2,40,6.2,3.5,10
F,B,65,3,40,9.2,4.9,16
F,B,65,4,40,13,7.9,21
F,B,65,5,40,19,14,25
F,B,65,6,40,27,0,0
F,B,65,0,45,2.4,0,0
F,B,65,1,45,3.6,2.5,4.7
F,B,65,2,45,5.4,3,9
F,B,65,3,45,8,4.2,14
F,B,65,4,45,12,6.8,19
F,B,65,5,45,17,12,22
F,B,65,6,45,23,0,0
F,B,70,0,15,6.7,0,0
F,B,70,1,15,10,7.7,13
F,B,70,2,15,16,10,22
F,B,70,3,15,24,16,34
F,B,70,4,15,35,25,47
F,B,70,5,15,48,42,57
F,B,70,6,15,62,0,0
F,B,70,0,20,5.8,0,0
F,B,70,1,20,8.7,6.4,11
F,B,70,2,20,13,8.4,18
F,B,70,3,20,19,13,28
F,B,70,4,20,29,21,40
F,B,70,5,20,41,34,49
F,B,70,6,20,55,0,0
F,B,70,0,25,5.2,0,0
F,B,70,1,25,7.7,5.7,9.9
F,B,70,2,25,11,7.2,16
F,B,70,3,25,16,10,25
F,B,70,4,25,24,17,34
F,B,70,5,25,34,28,42
F,B,70,6,25,47,0,0
F,B,70,0,30,4.5,0,0
F,B,70,1,30,6.6,4.8,8.5
F,B,70,2,30,9.6,6.1,14
F,B,70,3,30,14,8.7,21
F,B,70,4,30,20,14,29
F,B,70,5,30,29,24,36
F,B,70,6,30,41,0,0
F,B,70,0,35,3.9,0,0
F,B,70,1,35,5.6,4.1,7.3
F,B,70,2,35,8.2,5.2,12
F,B,70,3,35,12,7.4,18
F,B,70,4,35,17,12,25
F,B,70,5,35,25,20,31
F,B,70,6,35,35,0,0
F,B,70,0,40,3.3,0,0
F,B,70,1,40,4.8,3.5,6.3
F,B,70,2,40,7,4.4,10
F,B,70,3,40,10,6.2,16
F,B,70,4,40,15,10,22
F,B,70,5,40,21,17,27
F,B,70,6,40,30,0,0
F,B,70,0,45,2.9,0,0
F,B,70,1,45,4.2,3,5.4
F,B,70,2,45,6,3.7,8.6
F,B,70,3,45,8.7,5.3,13
F,B,70,4,45,13,8.6,19
F,B,70,5,45,18,14,23
F,B,70,6,45,26,0,0
F,B,75,0,15,9.2,0,0
F,B,75,1,15,15,11,21
F,B,75,2,15,23,15,34
F,B,75,3,15,35,22,48
F,B,75,4,15,48,33,62
F,B,75,5,15,62,48,71
F,B,75,6,15,72,0,0
F,B,75,0,20,7.7,0,0
F,B,75,1,20,12,8.8,16
F,B,75,2,20,19,12,26
F,B,75,3,20,28,18,40
F,B,75,4,20,41,28,55
F,B,75,5,20,56,43,66
F,B,75,6,20,70,0,0
F,B,75,0,25,6.7,0,0
F,B,75,1,25,10,7.5,12
F,B,75,2,25,15,9.7,20
F,B,75,3,25,23,14,33
F,B,75,4,25,34,23,46
F,B,75,5,25,48,37,57
F,B,75,6,25,64,0,0
F,B,75,0,30,5.7,0,0
F,B,75,1,30,8.5,6.3,10
F,B,75,2,30,13,8.1,17
F,B,75,3,30,19,12,27
F,B,75,4,30,28,19,39
F,B,75,5,30,41,32,50
F,B,75,6,30,56,0,0
F,B,75,0,35,4.9,0,0
F,B,75,1,35,7.1,5.3,8.8
F,B,75,2,35,11,6.8,14
F,B,75,3,35,16,9.9,23
F,B,75,4,35,24,16,33
F,B,75,5,35,35,27,43
F,B,75,6,35,49,0,0
F,B,75,0,40,4.1,0,0
F,B,75,1,40,6,4.5,7.5
F,B,75,2,40,8.9,5.7,12
F,B,75,3,40,13,8.3,19
F,B,75,4,40,20,13,28
F,B,75,5,40,29,23,36
F,B,75,6,40,42,0,0
F,B,75,0,45,3.5,0,0
F,B,75,1,45,5.1,3.8,6.4
F,B,75,2,45,7.4,4.8,10
F,B,75,3,45,11,6.9,16
F,B,75,4,45,16,11,24
F,B,75,5,45,24,19,31
F,B,75,6,45,36,0,0
F,B,80,0,15,13,0,0
F,B,80,1,15,20,14,29
F,B,80,2,15,29,20,42
F,B,80,3,15,41,28,55
F,B,80,4,15,53,38,65
F,B,80,5,15,64,51,72
F,B,80,6,15,73,0,0
F,B,80,0,20,11,0,0
F,B,80,1,20,16,12,22
F,B,80,2,20,25,16,34
F,B,80,3,20,36,24,48
F,B,80,4,20,49,35,61
F,B,80,5,20,61,48,70
F,B,80,6,20,72,0,0
F,B,80,0,25,9.4,0,0
F,B,80,1,25,14,10,17
F,B,80,2,25,21,14,28
F,B,80,3,25,30,20,40
F,B,80,4,25,42,31,54
F,B,80,5,25,56,44,65
F,B,80,6,25,69,0,0
F,B,80,0,30,8,0,0
F,B,80,1,30,12,8.7,14
F,B,80,2,30,17,11,23
F,B,80,3,30,25,17,34
F,B,80,4,30,36,26,47
F,B,80,5,30,49,38,58
F,B,80,6,30,63,0,0
F,B,80,0,35,6.7,0,0
F,B,80,1,35,9.8,7.3,12
F,B,80,2,35,14,9.4,19
F,B,80,3,35,21,14,29
F,B,80,4,35,30,21,41
F,B,80,5,35,42,32,51
F,B,80,6,35,56,0,0
F,B,80,0,40,5.7,0,0
F,B,80,1,40,8.2,6.1,9.7
F,B,80,2,40,12,7.8,16
F,B,80,3,40,18,12,24
F,B,80,4,40,25,18,35
F,B,80,5,40,36,27,44
F,B,80,6,40,49,0,0
F,B,80,0,45,4.8,0,0
F,B,80,1,45,6.9,5.1,8.3
F,B,80,2,45,10,6.5,13
F,B,80,3,45,15,9.6,20
F,B,80,4,45,21,15,29
F,B,80,5,45,30,23,37
F,B,80,6,45,42,0,0
F,B,85,0,15,14,0,0
F,B,85,1,15,22,16,32
F,B,85,2,15,32,22,46
F,B,85,3,15,44,30,58
F,B,85,4,15,56,41,68
F,B,85,5,15,67,54,74
F,B,85,6,15,75,0,0
F,B,85,0,20,12,0,0
F,B,85,1,20,19,14,26
F,B,85,2,20,28,18,38
F,B,85,3,20,39,27,52
F,B,85,4,20,52,38,64
F,B,85,5,20,65,51,73
F,B,85,6,20,74,0,0
F,B,85,0,25,11,0,0
F,B,85,1,25,16,12,20
F,B,85,2,25,24,16,32
F,B,85,3,25,34,23,45
F,B,85,4,25,47,34,59
F,B,85,5,25,60,47,69
F,B,85,6,25,72,0,0
F,B,85,0,30,9.1,0,0
F,B,85,1,30,13,9.9,17
F,B,85,2,30,20,13,26
F,B,85,3,30,29,19,38
F,B,85,4,30,40,29,52
F,B,85,5,30,53,41,62
F,B,85,6,30,66,0,0
F,B,85,0,35,7.7,0,0
F,B,85,1,35,11,8.2,14
F,B,85,2,35,16,11,22
F,B,85,3,35,24,16,32
F,B,85,4,35,34,24,45
F,B,85,5,35,46,35,55
F,B,85,6,35,60,0,0
F,B,85,0,40,6.4,0,0
F,B,85,1,40,9.3,6.9,11
F,B,85,2,40,14,8.9,18
F,B,85,3,40,20,13,27
F,B,85,4,40,28,20,38
F,B,85,5,40,40,30,48
F,B,85,6,40,53,0,0
F,B,85,0,45,5.4,0,0
F,B,85,1,45,7.8,5.7,9.2
F,B,85,2,45,11,7.4,15
F,B,85,3,45,16,11,23
F,B,85,4,45,24,16,33
F,B,85,5,45,33,25,41
F,B,85,6,45,45,0,0
F,B,90,0,15,12,0,0
F,B,90,1,15,19,13,28
F,B,90,2,15,28,18,41
F,B,90,3,15,39,26,53
F,B,90,4,15,51,36,63
F,B,90,5,15,63,48,70
F,B,90,6,15,72,0,0
F,B,90,0,20,11,0,0
F,B,90,1,20,16,12,23
F,B,90,2,20,24,16,35
F,B,90,3,20,35,23,47
F,B,90,4,20,47,33,59
F,B,90,5,20,60,45,68
F,B,90,6,20,70,0,0
F,B,90,0,25,9.7,0,0
F,B,90,1,25,14,10,19
F,B,90,2,25,21,14,28
F,B,90,3,25,30,20,41
F,B,90,4,25,42,30,54
F,B,90,5,25,55,42,64
F,B,90,6,25,67,0,0
F,B,90,0,30,8.1,0,0
F,B,90,1,30,12,8.6,15
F,B,90,2,30,17,11,23
F,B,90,3,30,25,17,34
F,B,90,4,30,36,25,47
F,B,90,5,30,48,36,57
F,B,90,6,30,61,0,0
F,B,90,0,35,6.7,0,0
F,B,90,1,35,9.8,7.1,12
F,B,90,2,35,14,9.3,19
F,B,90,3,35,21,14,29
F,B,90,4,35,30,20,40
F,B,90,5,35,41,30,50
F,B,90,6,35,54,0,0
F,B,90,0,40,5.6,0,0
F,B,90,1,40,8.1,5.8,10
F,B,90,2,40,12,7.6,16
F,B,90,3,40,17,11,24
F,B,90,4,40,25,17,34
F,B,90,5,40,35,25,43
F,B,90,6,40,47,0,0
F,B,90,0,45,4.7,0,0
F,B,90,1,45,6.7,4.8,8.2
F,B,90,2,45,9.8,6.3,13
F,B,90,3,45,14,9.1,20
F,B,90,4,45,21,14,29
F,B,90,5,45,29,21,37
F,B,90,6,45,40,0,0
M,B,50,0,15,1.2,0,0
M,B,50,1,15,1.9,1.2,2.7
M,B,50,2,15,2.9,1.5,5.1
M,B,50,3,15,4.4,2.2,7.8
M,B,50,4,15,6.6,3.3,11
M,B,50,5,15,9.7,5.9,13
M,B,50,6,15,14,0,0
M,B,50,0,20,1.2,0,0
M,B,50,1,20,1.9,1.2,2.7
M,B,50,2,20,2.9,1.5,5.2
M,B,50,3,20,4.4,2.1,7.9
M,B,50,4,20,6.5,3.3,11
M,B,50,5,20,9.5,6.1,13
M,B,50,6,20,14,0,0
M,B,50,0,25,1.2,0,0
M,B,50,1,25,1.9,1.3,2.6
M,B,50,2,25,2.9,1.5,5.2
M,B,50,3,25,4.4,2.1,8.1
M,B,50,4,25,6.5,3.3,11
M,B,50,5,25,9.4,6.3,13
M,B,50,6,25,13,0,0
M,B,50,0,30,1.1,0,0
M,B,50,1,30,1.7,1.1,2.3
M,B,50,2,30,2.5,1.3,4.6
M,B,50,3,30,3.8,1.8,7.1
M,B,50,4,30,5.6,2.8,9.5
M,B,50,5,30,8.1,5.5,11
M,B,50,6,30,12,0,0
M,B,50,0,35,1,0,0
M,B,50,1,35,1.5,1,2
M,B,50,2,35,2.2,1.1,4
M,B,50,3,35,3.3,1.6,6.2
M,B,50,4,35,4.9,2.4,8.3
M,B,50,5,35,7,4.7,9.9
M,B,50,6,35,10,0,0
M,B,50,0,40,0.8,0,0
M,B,50,1,40,1.3,0.8,1.7
M,B,50,2,40,1.9,1,3.5
M,B,50,3,40,2.9,1.4,5.4
M,B,50,4,40,4.2,2.1,7.2
M,B,50,5,40,6.1,4.1,8.6
M,B,50,6,40,8.7,0,0
M,B,50,0,45,0.7,0,0
M,B,50,1,45,1.1,0.7,1.5
M,B,50,2,45,1.7,0.9,3.1
M,B,50,3,45,2.5,1.2,4.7
M,B,50,4,45,3.7,1.8,6.3
M,B,50,5,45,5.3,3.6,7.5
M,B,50,6,45,7.6,0,0
M,B,55,0,15,1.6,0,0
M,B,55,1,15,2.5,1.7,3.6
M,B,55,2,15,3.8,2.1,6.7
M,B,55,3,15,5.7,3,9.7
M,B,55,4,15,8.4,4.5,13
M,B,55,5,15,12,7.7,17
M,B,55,6,15,17,0,0
M,B,55,0,20,1.7,0,0
M,B,55,1,20,2.6,1.7,3.6
M,B,55,2,20,3.9,2.1,6.9
M,B,55,3,20,5.8,2.9,10
M,B,55,4,20,8.5,4.5,14
M,B,55,5,20,12,8.1,17
M,B,55,6,20,17,0,0
M,B,55,0,25,1.7,0,0
M,B,55,1,25,2.7,1.8,3.6
M,B,55,2,25,4,2.1,7.1
M,B,55,3,25,5.9,2.9,11
M,B,55,4,25,8.6,4.5,14
M,B,55,5,25,12,8.5,17
M,B,55,6,25,17,0,0
M,B,55,0,30,1.5,0,0
M,B,55,1,30,2.3,1.5,3.1
M,B,55,2,30,3.5,1.8,6.2
M,B,55,3,30,5.2,2.5,9.4
M,B,55,4,30,7.5,3.9,12
M,B,55,5,30,11,7.4,15
M,B,55,6,30,15,0,0
M,B,55,0,35,1.3,0,0
M,B,55,1,35,2,1.3,2.7
M,B,55,2,35,3,1.6,5.4
M,B,55,3,35,4.5,2.2,8.1
M,B,55,4,35,6.5,3.3,11
M,B,55,5,35,9.3,6.4,13
M,B,55,6,35,13,0,0
M,B,55,0,40,1.2,0,0
M,B,55,1,40,1.8,1.2,2.4
M,B,55,2,40,2.6,1.4,4.7
M,B,55,3,40,3.9,1.9,7.1
M,B,55,4,40,5.6,2.8,9.5
M,B,55,5,40,8,5.5,11
M,B,55,6,40,11,0,0
M,B,55,0,45,1,0,0
M,B,55,1,45,1.5,1,2.1
M,B,55,2,45,2.3,1.2,4.1
M,B,55,3,45,3.4,1.6,6.2
M,B,55,4,45,4.9,2.4,8.3
M,B,55,5,45,7,4.8,9.8
M,B,55,6,45,9.8,0,0
M,B,60,0,15,2,0,0
M,B,60,1,15,3.1,2.1,4.3
M,B,60,2,15,4.7,2.6,7.8
M,B,60,3,15,6.9,3.9,11
M,B,60,4,15,10,5.7,16
M,B,60,5,15,14,9.5,20
M,B,60,6,15,20,0,0
M,B,60,0,20,2.1,0,0
M,B,60,1,20,3.1,2.1,4.3
M,B,60,2,20,4.7,2.6,8
M,B,60,3,20,7,3.7,12
M,B,60,4,20,10,5.6,16
M,B,60,5,20,14,9.9,20
M,B,60,6,20,20,0,0
M,B,60,0,25,2.1,0,0
M,B,60,1,25,3.2,2.1,4.3
M,B,60,2,25,4.8,2.6,8.3
M,B,60,3,25,7.1,3.6,12
M,B,60,4,25,10,5.6,17
M,B,60,5,25,15,10,20
M,B,60,6,25,20,0,0
M,B,60,0,30,1.8,0,0
M,B,60,1,30,2.8,1.9,3.7
M,B,60,2,30,4.2,2.2,7.2
M,B,60,3,30,6.1,3.1,11
M,B,60,4,30,8.8,4.7,14
M,B,60,5,30,13,8.8,17
M,B,60,6,30,17,0,0
M,B,60,0,35,1.6,0,0
M,B,60,1,35,2.4,1.6,3.2
M,B,60,2,35,3.6,1.9,6.3
M,B,60,3,35,5.3,2.7,9.4
M,B,60,4,35,7.6,4,13
M,B,60,5,35,11,7.6,15
M,B,60,6,35,15,0,0
M,B,60,0,40,1.4,0,0
M,B,60,1,40,2.1,1.4,2.8
M,B,60,2,40,3.1,1.7,5.5
M,B,60,3,40,4.6,2.3,8.2
M,B,60,4,40,6.6,3.4,11
M,B,60,5,40,9.3,6.5,13
M,B,60,6,40,13,0,0
M,B,60,0,45,1.2,0,0
M,B,60,1,45,1.8,1.2,2.4
M,B,60,2,45,2.7,1.4,4.8
M,B,60,3,45,3.9,2,7.1
M,B,60,4,45,5.7,2.9,9.5
M,B,60,5,45,8,5.6,11
M,B,60,6,45,11,0,0
M,B,65,0,15,2.3,0,0
M,B,65,1,15,3.4,2.3,4.7
M,B,65,2,15,5.1,3.1,8.1
M,B,65,3,15,7.5,4.4,12
M,B,65,4,15,11,6.8,16
M,B,65,5,15,15,11,20
M,B,65,6,15,21,0,0
M,B,65,0,20,2.3,0,0
M,B,65,1,20,3.4,2.3,4.6
M,B,65,2,20,5.1,3,8.4
M,B,65,3,20,7.5,4.4,12
M,B,65,4,20,11,6.5,17
M,B,65,5,20,15,11,21
M,B,65,6,20,21,0,0
M,B,65,0,25,2.3,0,0
M,B,65,1,25,3.5,2.4,4.6
M,B,65,2,25,5.2,2.9,8.7
M,B,65,3,25,7.6,4.1,13
M,B,65,4,25,11,6.3,17
M,B,65,5,25,15,11,21
M,B,65,6,25,21,0,0
M,B,65,0,30,2,0,0
M,B,65,1,30,3,2,3.9
M,B,65,2,30,4.4,2.5,7.5
M,B,65,3,30,6.5,3.5,11
M,B,65,4,30,9.3,5.3,15
M,B,65,5,30,13,9.4,18
M,B,65,6,30,18,0,0
M,B,65,0,35,1.7,0,0
M,B,65,1,35,2.6,1.7,3.4
M,B,65,2,35,3.8,2.1,6.5
M,B,65,3,35,5.5,3,9.5
M,B,65,4,35,7.9,4.4,13
M,B,65,5,35,11,8,15
M,B,65,6,35,15,0,0
M,B,65,0,40,1.5,0,0
M,B,65,1,40,2.2,1.5,2.9
M,B,65,2,40,3.3,1.8,5.6
M,B,65,3,40,4.7,2.5,8.2
M,B,65,4,40,6.8,3.7,11
M,B,65,5,40,9.6,6.8,13
M,B,65,6,40,13,0,0
M,B,65,0,45,1.3,0,0
M,B,65,1,45,1.9,1.3,2.5
M,B,65,2,45,2.8,1.5,4.9
M,B,65,3,45,4.1,2.1,7.1
M,B,65,4,45,5.8,3.1,9.5
M,B,65,5,45,8.2,5.8,11
M,B,65,6,45,11,0,0
M,B,70,0,15,2.7,0,0
M,B,70,1,15,4.1,2.9,5.4
M,B,70,2,15,6.2,3.9,9.4
M,B,70,3,15,9.3,5.5,14
M,B,70,4,15,14,8.6,20
M,B,70,5,15,20,15,26
M,B,70,6,15,27,0,0
M,B,70,0,20,2.7,0,0
M,B,70,1,20,3.9,2.8,5.2
M,B,70,2,20,5.9,3.7,8.7
M,B,70,3,20,8.7,5.4,13
M,B,70,4,20,13,8.2,19
M,B,70,5,20,18,14,24
M,B,70,6,20,26,0,0
M,B,70,0,25,2.6,0,0
M,B,70,1,25,3.8,2.7,5.1
M,B,70,2,25,5.6,3.5,8.1
M,B,70,3,25,8.1,5.1,12
M,B,70,4,25,12,7.7,18
M,B,70,5,25,17,13,22
M,B,70,6,25,24,0,0
M,B,70,0,30,2.2,0,0
M,B,70,1,30,3.2,2.3,4.3
M,B,70,2,30,4.7,2.9,6.9
M,B,70,3,30,6.8,4.2,10
M,B,70,4,30,9.8,6.3,15
M,B,70,5,30,14,11,19
M,B,70,6,30,20,0,0
M,B,70,0,35,1.9,0,0
M,B,70,1,35,2.7,1.9,3.6
M,B,70,2,35,3.9,2.4,5.8
M,B,70,3,35,5.7,3.5,8.7
M,B,70,4,35,8.2,5.2,12
M,B,70,5,35,12,8.9,16
M,B,70,6,35,17,0,0
M,B,70,0,40,1.6,0,0
M,B,70,1,40,2.3,1.6,3.1
M,B,70,2,40,3.3,2,4.9
M,B,70,3,40,4.8,2.9,7.3
M,B,70,4,40,6.8,4.3,10
M,B,70,5,40,9.7,7.3,13
M,B,70,6,40,14,0,0
M,B,70,0,45,1.4,0,0
M,B,70,1,45,2,1.4,2.6
M,B,70,2,45,2.8,1.7,4.2
M,B,70,3,45,4,2.4,6.1
M,B,70,4,45,5.7,3.6,8.7
M,B,70,5,45,8,6,11
M,B,70,6,45,11,0,0
M,B,75,0,15,3.5,0,0
M,B,75,1,15,5.7,3.8,8.7
M,B,75,2,15,9.1,5.2,15
M,B,75,3,15,14,7.3,23
M,B,75,4,15,21,12,31
M,B,75,5,15,30,19,38
M,B,75,6,15,40,0,0
M,B,75,0,20,3.3,0,0
M,B,75,1,20,5.2,3.6,7.2
M,B,75,2,20,8.1,4.9,13
M,B,75,3,20,13,7,20
M,B,75,4,20,19,11,28
M,B,75,5,20,28,18,36
M,B,75,6,20,38,0,0
M,B,75,0,25,3.2,0,0
M,B,75,1,25,4.7,3.4,5.9
M,B,75,2,25,7.2,4.4,10
M,B,75,3,25,11,6.6,16
M,B,75,4,25,17,10,24
M,B,75,5,25,25,17,32
M,B,75,6,25,35,0,0
M,B,75,0,30,2.6,0,0
M,B,75,1,30,3.9,2.8,4.8
M,B,75,2,30,5.9,3.6,8.5
M,B,75,3,30,8.9,5.4,13
M,B,75,4,30,14,8.1,20
M,B,75,5,30,20,14,26
M,B,75,6,30,29,0,0
M,B,75,0,35,2.2,0,0
M,B,75,1,35,3.2,2.3,4
M,B,75,2,35,4.8,3,6.9
M,B,75,3,35,7.2,4.3,11
M,B,75,4,35,11,6.6,16
M,B,75,5,35,16,12,22
M,B,75,6,35,24,0,0
M,B,75,0,40,1.9,0,0
M,B,75,1,40,2.7,1.9,3.4
M,B,75,2,40,3.9,2.4,5.6
M,B,75,3,40,5.9,3.5,8.6
M,B,75,4,40,8.8,5.3,13
M,B,75,5,40,13,9.4,18
M,B,75,6,40,20,0,0
M,B,75,0,45,1.6,0,0
M,B,75,1,45,2.2,1.6,2.8
M,B,75,2,45,3.2,2,4.6
M,B,75,3,45,4.8,2.9,7
M,B,75,4,45,7.1,4.3,11
M,B,75,5,45,11,7.6,14
M,B,75,6,45,16,0,0
M,B,80,0,15,5,0,0
M,B,80,1,15,8,5.4,13
M,B,80,2,15,12,7.4,20
M,B,80,3,15,19,10,29
M,B,80,4,15,27,16,37
M,B,80,5,15,37,24,45
M,B,80,6,15,47,0,0
M,B,80,0,20,4.6,0,0
M,B,80,1,20,7.2,5,11
M,B,80,2,20,11,6.9,17
M,B,80,3,20,17,9.8,25
M,B,80,4,20,25,15,34
M,B,80,5,20,34,22,43
M,B,80,6,20,45,0,0
M,B,80,0,25,4.3,0,0
M,B,80,1,25,6.5,4.6,8.8
M,B,80,2,25,9.9,6.2,14
M,B,80,3,25,15,9.1,21
M,B,80,4,25,22,14,30
M,B,80,5,25,31,21,39
M,B,80,6,25,42,0,0
M,B,80,0,30,3.5,0,0
M,B,80,1,30,5.3,3.8,7
M,B,80,2,30,8,5,11
M,B,80,3,30,12,7.3,17
M,B,80,4,30,18,11,25
M,B,80,5,30,26,17,33
M,B,80,6,30,36,0,0
M,B,80,0,35,2.9,0,0
M,B,80,1,35,4.3,3.1,5.6
M,B,80,2,35,6.5,4.1,9
M,B,80,3,35,9.7,5.9,14
M,B,80,4,35,14,9,21
M,B,80,5,35,21,14,27
M,B,80,6,35,30,0,0
M,B,80,0,40,2.4,0,0
M,B,80,1,40,3.5,2.5,4.5
M,B,80,2,40,5.2,3.3,7.3
M,B,80,3,40,7.8,4.7,11
M,B,80,4,40,12,7.2,17
M,B,80,5,40,17,11,22
M,B,80,6,40,24,0,0
M,B,80,0,45,2,0,0
M,B,80,1,45,2.9,2,3.6
M,B,80,2,45,4.3,2.7,5.9
M,B,80,3,45,6.3,3.8,9.1
M,B,80,4,45,9.3,5.7,13
M,B,80,5,45,14,9.3,18
M,B,80,6,45,20,0,0
M,B,85,0,15,6.3,0,0
M,B,85,1,15,10,7,17
M,B,85,2,15,16,9.9,26
M,B,85,3,15,24,14,36
M,B,85,4,15,34,20,45
M,B,85,5,15,45,30,54
M,B,85,6,15,56,0,0
M,B,85,0,20,5.6,0,0
M,B,85,1,20,9,6.2,14
M,B,85,2,20,14,8.7,22
M,B,85,3,20,21,13,31
M,B,85,4,20,31,19,41
M,B,85,5,20,42,28,51
M,B,85,6,20,53,0,0
M,B,85,0,25,5.1,0,0
M,B,85,1,25,7.8,5.5,11
M,B,85,2,25,12,7.5,17
M,B,85,3,25,18,11,26
M,B,85,4,25,27,17,37
M,B,85,5,25,38,26,46
M,B,85,6,25,50,0,0
M,B,85,0,30,4.1,0,0
M,B,85,1,30,6.3,4.5,8.7
M,B,85,2,30,9.7,6.1,14
M,B,85,3,30,15,9,21
M,B,85,4,30,22,14,30
M,B,85,5,30,32,21,39
M,B,85,6,30,43,0,0
M,B,85,0,35,3.4,0,0
M,B,85,1,35,5.1,3.6,6.9
M,B,85,2,35,7.8,4.9,11
M,B,85,3,35,12,7.2,17
M,B,85,4,35,18,11,25
M,B,85,5,35,26,17,33
M,B,85,6,35,36,0,0
M,B,85,0,40,2.8,0,0
M,B,85,1,40,4.2,2.9,5.5
M,B,85,2,40,6.3,3.9,8.9
M,B,85,3,40,9.5,5.7,14
M,B,85,4,40,14,8.9,20
M,B,85,5,40,21,14,27
M,B,85,6,40,30,0,0
M,B,85,0,45,2.3,0,0
M,B,85,1,45,3.4,2.4,4.4
M,B,85,2,45,5.1,3.2,7.1
M,B,85,3,45,7.6,4.6,11
M,B,85,4,45,11,7.1,16
M,B,85,5,45,17,11,22
M,B,85,6,45,25,0,0
M,B,90,0,15,5.9,0,0
M,B,90,1,15,9.8,6.7,16
M,B,90,2,15,16,9.6,25
M,B,90,3,15,24,14,35
M,B,90,4,15,34,20,45
M,B,90,5,15,45,30,54
M,B,90,6,15,57,0,0
M,B,90,0,20,5.1,0,0
M,B,90,1,20,8.4,5.8,13
M,B,90,2,20,13,8.1,21
M,B,90,3,20,20,12,30
M,B,90,4,20,30,18,40
M,B,90,5,20,41,27,50
M,B,90,6,20,53,0,0
M,B,90,0,25,4.6,0,0
M,B,90,1,25,7.2,5.1,10
M,B,90,2,25,11,7,17
M,B,90,3,25,17,10,25
M,B,90,4,25,26,16,35
M,B,90,5,25,37,24,45
M,B,90,6,25,49,0,0
M,B,90,0,30,3.7,0,0
M,B,90,1,30,5.8,4,8.3
M,B,90,2,30,9,5.5,13
M,B,90,3,30,14,8.2,20
M,B,90,4,30,21,13,29
M,B,90,5,30,30,20,38
M,B,90,6,30,42,0,0
M,B,90,0,35,3,0,0
M,B,90,1,35,4.6,3.2,6.6
M,B,90,2,35,7.2,4.4,11
M,B,90,3,35,11,6.5,16
M,B,90,4,35,17,10,24
M,B,90,5,35,25,16,32
M,B,90,6,35,35,0,0
M,B,90,0,40,2.4,0,0
M,B,90,1,40,3.7,2.6,5.2
M,B,90,2,40,5.7,3.5,8.4
M,B,90,3,40,8.8,5.1,13
M,B,90,4,40,13,8.1,19
M,B,90,5,40,20,13,26
M,B,90,6,40,29,0,0
M,B,90,0,45,2,0,0
M,B,90,1,45,3,2.1,4.1
M,B,90,2,45,4.6,2.8,6.6
M,B,90,3,45,7,4.1,10
M,B,90,4,45,11,6.4,15
M,B,90,5,45,16,10,21
M,B,90,6,45,24,0,0
F,H,50,0,15,2.2,0,0
F,H,50,1,15,3.6,2.4,5.2
F,H,50,2,15,5.7,3.1,9.4
F,H,50,3,15,8.9,4.4,16
F,H,50,4,15,14,7.7,22
F,H,50,5,15,21,13,27
F,H,50,6,15,31,0,0
F,H,50,0,20,2.1,0,0
F,H,50,1,20,3.3,2.2,4.6
F,H,50,2,20,5.1,2.7,8.7
F,H,50,3,20,7.9,3.8,14
F,H,50,4,20,12,6.4,19
F,H,50,5,20,18,12,23
F,H,50,6,20,26,0,0
F,H,50,0,25,2,0,0
F,H,50,1,25,3.1,2.1,4.3
F,H,50,2,25,4.8,2.5,8.3
F,H,50,3,25,7.3,3.5,13
F,H,50,4,25,11,5.7,18
F,H,50,5,25,16,11,21
F,H,50,6,25,23,0,0
F,H,50,0,30,1.8,0,0
F,H,50,1,30,2.7,1.8,3.7
F,H,50,2,30,4.2,2.2,7.3
F,H,50,3,30,6.4,3,12
F,H,50,4,30,9.5,5,16
F,H,50,5,30,14,9.5,19
F,H,50,6,30,20,0,0
F,H,50,0,35,1.5,0,0
F,H,50,1,35,2.4,1.6,3.3
F,H,50,2,35,3.7,1.9,6.4
F,H,50,3,35,5.6,2.6,10
F,H,50,4,35,8.3,4.3,14
F,H,50,5,35,12,8.4,16
F,H,50,6,35,18,0,0
F,H,50,0,40,1.3,0,0
F,H,50,1,40,2.1,1.4,2.8
F,H,50,2,40,3.2,1.7,5.6
F,H,50,3,40,4.9,2.3,9.1
F,H,50,4,40,7.3,3.8,12
F,H,50,5,40,11,7.3,14
F,H,50,6,40,15,0,0
F,H,50,0,45,1.2,0,0
F,H,50,1,45,1.8,1.2,2.5
F,H,50,2,45,2.8,1.5,5
F,H,50,3,45,4.3,2,8
F,H,50,4,45,6.3,3.3,11
F,H,50,5,45,9.3,6.4,13
F,H,50,6,45,13,0,0
F,H,55,0,15,3.5,0,0
F,H,55,1,15,5.6,3.9,7.8
F,H,55,2,15,8.8,4.9,14
F,H,55,3,15,14,7.1,23
F,H,55,4,15,20,12,31
F,H,55,5,15,30,20,38
F,H,55,6,15,43,0,0
F,H,55,0,20,3.3,0,0
F,H,55,1,20,5.1,3.5,6.9
F,H,55,2,20,7.9,4.3,13
F,H,55,3,20,12,6,21
F,H,55,4,20,18,10,28
F,H,55,5,20,26,18,33
F,H,55,6,20,37,0,0
F,H,55,0,25,3.1,0,0
F,H,55,1,25,4.9,3.3,6.5
F,H,55,2,25,7.4,4,12
F,H,55,3,25,11,5.5,20
F,H,55,4,25,16,9,26
F,H,55,5,25,23,17,31
F,H,55,6,25,33,0,0
F,H,55,0,30,2.7,0,0
F,H,55,1,30,4.2,2.9,5.7
F,H,55,2,30,6.5,3.5,11
F,H,55,3,30,9.7,4.7,17
F,H,55,4,30,14,7.8,23
F,H,55,5,30,21,15,27
F,H,55,6,30,29,0,0
F,H,55,0,35,2.4,0,0
F,H,55,1,35,3.7,2.5,4.9
F,H,55,2,35,5.7,3,9.7
F,H,55,3,35,8.5,4.1,15
F,H,55,4,35,12,6.8,20
F,H,55,5,35,18,13,24
F,H,55,6,35,26,0,0
F,H,55,0,40,2.1,0,0
F,H,55,1,40,3.3,2.2,4.3
F,H,55,2,40,5,2.6,8.5
F,H,55,3,40,7.4,3.6,14
F,H,55,4,40,11,5.9,18
F,H,55,5,40,16,11,21
F,H,55,6,40,23,0,0
F,H,55,0,45,1.9,0,0
F,H,55,1,45,2.9,1.9,3.8
F,H,55,2,45,4.3,2.3,7.5
F,H,55,3,45,6.5,3.1,12
F,H,55,4,45,9.6,5.1,16
F,H,55,5,45,14,9.9,19
F,H,55,6,45,20,0,0
F,H,60,0,15,4.9,0,0
F,H,60,1,15,7.7,5.5,10
F,H,60,2,15,12,7.1,18
F,H,60,3,15,18,10,29
F,H,60,4,15,27,17,39
F,H,60,5,15,39,28,47
F,H,60,6,15,53,0,0
F,H,60,0,20,4.4,0,0
F,H,60,1,20,6.9,4.8,9.1
F,H,60,2,20,11,6,17
F,H,60,3,20,16,8.5,26
F,H,60,4,20,23,14,35
F,H,60,5,20,33,24,42
F,H,60,6,20,46,0,0
F,H,60,0,25,4.2,0,0
F,H,60,1,25,6.4,4.5,8.4
F,H,60,2,25,9.7,5.4,16
F,H,60,3,25,14,7.5,25
F,H,60,4,25,21,12,33
F,H,60,5,25,30,22,38
F,H,60,6,25,41,0,0
F,H,60,0,30,3.7,0,0
F,H,60,1,30,5.6,3.9,7.4
F,H,60,2,30,8.5,4.7,14
F,H,60,3,30,13,6.5,22
F,H,60,4,30,18,11,29
F,H,60,5,30,26,19,34
F,H,60,6,30,36,0,0
F,H,60,0,35,3.2,0,0
F,H,60,1,35,4.9,3.4,6.4
F,H,60,2,35,7.4,4.1,12
F,H,60,3,35,11,5.6,19
F,H,60,4,35,16,9.2,26
F,H,60,5,35,23,17,30
F,H,60,6,35,32,0,0
F,H,60,0,40,2.8,0,0
F,H,60,1,40,4.3,2.9,5.6
F,H,60,2,40,6.5,3.6,11
F,H,60,3,40,9.7,4.9,17
F,H,60,4,40,14,8,23
F,H,60,5,40,20,15,27
F,H,60,6,40,28,0,0
F,H,60,0,45,2.5,0,0
F,H,60,1,45,3.8,2.6,4.9
F,H,60,2,45,5.7,3.1,9.6
F,H,60,3,45,8.5,4.2,15
F,H,60,4,45,12,6.9,20
F,H,60,5,45,18,13,24
F,H,60,6,45,25,0,0
F,H,65,0,15,6.4,0,0
F,H,65,1,15,10,7.4,13
F,H,65,2,15,15,9.7,22
F,H,65,3,15,23,15,34
F,H,65,4,15,33,23,46
F,H,65,5,15,46,36,55
F,H,65,6,15,61,0,0
F,H,65,0,20,5.6,0,0
F,H,65,1,20,8.7,6.2,11
F,H,65,2,20,13,7.9,20
F,H,65,3,20,20,11,31
F,H,65,4,20,28,19,41
F,H,65,5,20,40,31,49
F,H,65,6,20,53,0,0
F,H,65,0,25,5.2,0,0
F,H,65,1,25,7.9,5.6,10
F,H,65,2,25,12,6.9,19
F,H,65,3,25,17,9.7,29
F,H,65,4,25,25,16,38
F,H,65,5,25,35,27,44
F,H,65,6,25,48,0,0
F,H,65,0,30,4.5,0,0
F,H,65,1,30,6.9,4.8,8.8
F,H,65,2,30,10,5.9,16
F,H,65,3,30,15,8.3,26
F,H,65,4,30,22,14,33
F,H,65,5,30,31,24,39
F,H,65,6,30,42,0,0
F,H,65,0,35,3.9,0,0
F,H,65,1,35,6,4.2,7.6
F,H,65,2,35,9,5.1,14
F,H,65,3,35,13,7.1,23
F,H,65,4,35,19,12,30
F,H,65,5,35,27,21,35
F,H,65,6,35,38,0,0
F,H,65,0,40,3.4,0,0
F,H,65,1,40,5.2,3.6,6.7
F,H,65,2,40,7.8,4.4,13
F,H,65,3,40,12,6.1,20
F,H,65,4,40,17,10,26
F,H,65,5,40,24,18,31
F,H,65,6,40,33,0,0
F,H,65,0,45,3,0,0
F,H,65,1,45,4.5,3.1,5.9
F,H,65,2,45,6.8,3.8,11
F,H,65,3,45,10,5.3,18
F,H,65,4,45,15,8.7,23
F,H,65,5,45,21,16,27
F,H,65,6,45,29,0,0
F,H,70,0,15,8.8,0,0
F,H,70,1,15,14,10,17
F,H,70,2,15,21,14,28
F,H,70,3,15,31,21,43
F,H,70,4,15,45,34,58
F,H,70,5,15,61,54,69
F,H,70,6,15,75,0,0
F,H,70,0,20,7.3,0,0
F,H,70,1,20,11,8.3,14
F,H,70,2,20,17,11,23
F,H,70,3,20,25,16,36
F,H,70,4,20,36,27,49
F,H,70,5,20,51,44,60
F,H,70,6,20,67,0,0
F,H,70,0,25,6.5,0,0
F,H,70,1,25,9.6,7.2,12
F,H,70,2,25,14,9,20
F,H,70,3,25,21,13,31
F,H,70,4,25,30,21,41
F,H,70,5,25,42,35,51
F,H,70,6,25,57,0,0
F,H,70,0,30,5.6,0,0
F,H,70,1,30,8.2,6.1,11
F,H,70,2,30,12,7.7,17
F,H,70,3,30,18,11,26
F,H,70,4,30,25,18,36
F,H,70,5,30,36,30,44
F,H,70,6,30,50,0,0
F,H,70,0,35,4.8,0,0
F,H,70,1,35,7.1,5.2,9.1
F,H,70,2,35,10,6.5,15
F,H,70,3,35,15,9.3,23
F,H,70,4,35,22,15,31
F,H,70,5,35,31,25,39
F,H,70,6,35,44,0,0
F,H,70,0,40,4.2,0,0
F,H,70,1,40,6.1,4.5,7.9
F,H,70,2,40,8.9,5.6,13
F,H,70,3,40,13,7.9,20
F,H,70,4,40,19,13,27
F,H,70,5,40,27,21,34
F,H,70,6,40,38,0,0
F,H,70,0,45,3.6,0,0
F,H,70,1,45,5.3,3.9,6.8
F,H,70,2,45,7.7,4.8,11
F,H,70,3,45,11,6.7,17
F,H,70,4,45,16,11,24
F,H,70,5,45,23,18,29
F,H,70,6,45,33,0,0
F,H,75,0,15,12,0,0
F,H,75,1,15,20,15,28
F,H,75,2,15,31,20,44
F,H,75,3,15,46,31,61
F,H,75,4,15,61,45,74
F,H,75,5,15,74,62,81
F,H,75,6,15,82,0,0
F,H,75,0,20,10,0,0
F,H,75,1,20,16,12,20
F,H,75,2,20,24,16,33
F,H,75,3,20,37,23,51
F,H,75,4,20,52,37,67
F,H,75,5,20,68,55,77
F,H,75,6,20,80,0,0
F,H,75,0,25,8.6,0,0
F,H,75,1,25,13,9.6,15
F,H,75,2,25,19,12,25
F,H,75,3,25,29,18,41
F,H,75,4,25,42,30,56
F,H,75,5,25,58,47,67
F,H,75,6,25,74,0,0
F,H,75,0,30,7.3,0,0
F,H,75,1,30,11,8.1,13
F,H,75,2,30,16,10,21
F,H,75,3,30,24,15,35
F,H,75,4,30,36,25,49
F,H,75,5,30,51,40,60
F,H,75,6,30,68,0,0
F,H,75,0,35,6.2,0,0
F,H,75,1,35,9.2,6.9,11
F,H,75,2,35,14,8.8,18
F,H,75,3,35,20,13,29
F,H,75,4,35,30,21,42
F,H,75,5,35,44,35,52
F,H,75,6,35,60,0,0
F,H,75,0,40,5.3,0,0
F,H,75,1,40,7.8,5.8,9.6
F,H,75,2,40,11,7.4,15
F,H,75,3,40,17,11,25
F,H,75,4,40,25,18,36
F,H,75,5,40,37,30,45
F,H,75,6,40,53,0,0
F,H,75,0,45,4.6,0,0
F,H,75,1,45,6.6,4.9,8.3
F,H,75,2,45,9.7,6.3,13
F,H,75,3,45,14,9,21
F,H,75,4,45,21,15,30
F,H,75,5,45,32,25,39
F,H,75,6,45,45,0,0
F,H,80,0,15,18,0,0
F,H,80,1,15,27,21,39
F,H,80,2,15,40,28,54
F,H,80,3,15,54,40,68
F,H,80,4,15,67,52,76
F,H,80,5,15,76,65,82
F,H,80,6,15,82,0,0
F,H,80,0,20,14,0,0
F,H,80,1,20,22,17,29
F,H,80,2,20,33,22,45
F,H,80,3,20,46,33,61
F,H,80,4,20,61,47,73
F,H,80,5,20,74,61,80
F,H,80,6,20,82,0,0
F,H,80,0,25,12,0,0
F,H,80,1,25,18,14,22
F,H,80,2,25,27,18,36
F,H,80,3,25,38,26,50
F,H,80,4,25,53,39,66
F,H,80,5,25,68,55,76
F,H,80,6,25,80,0,0
F,H,80,0,30,10,0,0
F,H,80,1,30,15,12,18
F,H,80,2,30,22,15,30
F,H,80,3,30,33,22,44
F,H,80,4,30,46,34,59
F,H,80,5,30,61,49,69
F,H,80,6,30,74,0,0
F,H,80,0,35,8.8,0,0
F,H,80,1,35,13,9.7,15
F,H,80,2,35,19,13,25
F,H,80,3,35,28,18,37
F,H,80,4,35,39,29,51
F,H,80,5,35,54,42,62
F,H,80,6,35,68,0,0
F,H,80,0,40,7.5,0,0
F,H,80,1,40,11,8.2,13
F,H,80,2,40,16,11,21
F,H,80,3,40,23,15,32
F,H,80,4,40,33,24,44
F,H,80,5,40,46,37,55
F,H,80,6,40,61,0,0
F,H,80,0,45,6.4,0,0
F,H,80,1,45,9.2,6.9,11
F,H,80,2,45,13,8.8,17
F,H,80,3,45,20,13,27
F,H,80,4,45,28,20,38
F,H,80,5,45,40,31,48
F,H,80,6,45,54,0,0
F,H,85,0,15,20,0,0
F,H,85,1,15,31,24,44
F,H,85,2,15,44,31,59
F,H,85,3,15,58,43,71
F,H,85,4,15,69,56,79
F,H,85,5,15,78,68,83
F,H,85,6,15,82,0,0
F,H,85,0,20,17,0,0
F,H,85,1,20,25,19,35
F,H,85,2,20,37,26,50
F,H,85,3,20,51,37,65
F,H,85,4,20,65,51,76
F,H,85,5,20,76,65,82
F,H,85,6,20,83,0,0
F,H,85,0,25,14,0,0
F,H,85,1,25,21,16,26
F,H,85,2,25,31,21,41
F,H,85,3,25,44,31,57
F,H,85,4,25,58,44,71
F,H,85,5,25,72,60,79
F,H,85,6,25,82,0,0
F,H,85,0,30,12,0,0
F,H,85,1,30,18,13,22
F,H,85,2,30,26,18,35
F,H,85,3,30,37,26,49
F,H,85,4,30,51,38,64
F,H,85,5,30,65,53,74
F,H,85,6,30,77,0,0
F,H,85,0,35,10,0,0
F,H,85,1,35,15,11,18
F,H,85,2,35,22,15,29
F,H,85,3,35,32,21,42
F,H,85,4,35,44,33,57
F,H,85,5,35,59,47,67
F,H,85,6,35,72,0,0
F,H,85,0,40,8.7,0,0
F,H,85,1,40,13,9.5,15
F,H,85,2,40,18,12,24
F,H,85,3,40,27,18,36
F,H,85,4,40,38,28,50
F,H,85,5,40,51,40,60
F,H,85,6,40,66,0,0
F,H,85,0,45,7.3,0,0
F,H,85,1,45,11,7.9,12
F,H,85,2,45,15,10,20
F,H,85,3,45,22,15,31
F,H,85,4,45,32,23,43
F,H,85,5,45,45,35,53
F,H,85,6,45,59,0,0
F,H,90,0,15,18,0,0
F,H,90,1,15,28,21,40
F,H,90,2,15,40,28,55
F,H,90,3,15,53,38,67
F,H,90,4,15,65,50,75
F,H,90,5,15,74,63,80
F,H,90,6,15,79,0,0
F,H,90,0,20,15,0,0
F,H,90,1,20,23,17,32
F,H,90,2,20,34,23,46
F,H,90,3,20,47,33,61
F,H,90,4,20,60,46,72
F,H,90,5,20,72,59,79
F,H,90,6,20,80,0,0
F,H,90,0,25,13,0,0
F,H,90,1,25,20,15,25
F,H,90,2,25,29,19,39
F,H,90,3,25,41,28,53
F,H,90,4,25,54,41,67
F,H,90,5,25,68,55,76
F,H,90,6,25,78,0,0
F,H,90,0,30,11,0,0
F,H,90,1,30,16,12,21
F,H,90,2,30,24,16,32
F,H,90,3,30,35,24,46
F,H,90,4,30,47,35,60
F,H,90,5,30,61,48,70
F,H,90,6,30,73,0,0
F,H,90,0,35,9.4,0,0
F,H,90,1,35,14,10,17
F,H,90,2,35,20,13,27
F,H,90,3,35,29,20,39
F,H,90,4,35,41,29,53
F,H,90,5,35,54,42,63
F,H,90,6,35,67,0,0
F,H,90,0,40,7.9,0,0
F,H,90,1,40,11,8.5,14
F,H,90,2,40,17,11,22
F,H,90,3,40,24,16,33
F,H,90,4,40,35,24,46
F,H,90,5,40,47,36,56
F,H,90,6,40,61,0,0
F,H,90,0,45,6.6,0,0
F,H,90,1,45,9.6,7,11
F,H,90,2,45,14,9.1,18
F,H,90,3,45,20,13,28
F,H,90,4,45,29,20,39
F,H,90,5,45,41,30,49
F,H,90,6,45,54,0,0
M,H,50,0,15,1.7,0,0
M,H,50,1,15,2.6,1.8,3.8
M,H,50,2,15,4.1,2.2,7.1
M,H,50,3,15,6.4,3.1,11
M,H,50,4,15,9.7,5.1,16
M,H,50,5,15,14,9.1,19
M,H,50,6,15,21,0,0
M,H,50,0,20,1.6,0,0
M,H,50,1,20,2.5,1.7,3.5
M,H,50,2,20,3.9,2.1,6.8
M,H,50,3,20,5.9,2.8,11
M,H,50,4,20,8.9,4.6,15
M,H,50,5,20,13,8.6,18
M,H,50,6,20,19,0,0
M,H,50,0,25,1.6,0,0
M,H,50,1,25,2.5,1.7,3.4
M,H,50,2,25,3.8,2,6.7
M,H,50,3,25,5.7,2.7,11
M,H,50,4,25,8.5,4.4,14
M,H,50,5,25,12,8.4,17
M,H,50,6,25,18,0,0
M,H,50,0,30,1.4,0,0
M,H,50,1,30,2.2,1.4,3
M,H,50,2,30,3.3,1.7,5.9
M,H,50,3,30,5,2.4,9.3
M,H,50,4,30,7.4,3.8,12
M,H,50,5,30,11,7.4,15
M,H,50,6,30,16,0,0
M,H,50,0,35,1.2,0,0
M,H,50,1,35,1.9,1.3,2.6
M,H,50,2,35,2.9,1.5,5.2
M,H,50,3,35,4.4,2,8.2
M,H,50,4,35,6.5,3.3,11
M,H,50,5,35,9.4,6.4,13
M,H,50,6,35,14,0,0
M,H,50,0,40,1.1,0,0
M,H,50,1,40,1.7,1.1,2.3
M,H,50,2,40,2.5,1.3,4.5
M,H,50,3,40,3.8,1.8,7.2
M,H,50,4,40,5.6,2.9,9.5
M,H,50,5,40,8.2,5.6,11
M,H,50,6,40,12,0,0
M,H,50,0,45,0.9,0,0
M,H,50,1,45,1.5,1,2
M,H,50,2,45,2.2,1.2,4
M,H,50,3,45,3.3,1.6,6.3
M,H,50,4,45,4.9,2.5,8.4
M,H,50,5,45,7.2,4.9,10
M,H,50,6,45,10,0,0
M,H,55,0,15,2.4,0,0
M,H,55,1,15,3.7,2.5,5.2
M,H,55,2,15,5.7,3.1,9.6
M,H,55,3,15,8.7,4.5,15
M,H,55,4,15,13,7.4,20
M,H,55,5,15,19,13,25
M,H,55,6,15,27,0,0
M,H,55,0,20,2.3,0,0
M,H,55,1,20,3.6,2.4,4.9
M,H,55,2,20,5.5,2.9,9.3
M,H,55,3,20,8.2,4.1,14
M,H,55,4,20,12,6.6,19
M,H,55,5,20,18,12,23
M,H,55,6,20,25,0,0
M,H,55,0,25,2.3,0,0
M,H,55,1,25,3.5,2.4,4.7
M,H,55,2,25,5.3,2.9,9.2
M,H,55,3,25,8,3.9,14
M,H,55,4,25,12,6.3,19
M,H,55,5,25,17,12,23
M,H,55,6,25,24,0,0
M,H,55,0,30,2,0,0
M,H,55,1,30,3.1,2.1,4.1
M,H,55,2,30,4.7,2.5,8.1
M,H,55,3,30,6.9,3.4,13
M,H,55,4,30,10,5.4,17
M,H,55,5,30,15,10,20
M,H,55,6,30,21,0,0
M,H,55,0,35,1.7,0,0
M,H,55,1,35,2.7,1.8,3.6
M,H,55,2,35,4.1,2.2,7.1
M,H,55,3,35,6.1,2.9,11
M,H,55,4,35,8.9,4.7,15
M,H,55,5,35,13,9,17
M,H,55,6,35,18,0,0
M,H,55,0,40,1.5,0,0
M,H,55,1,40,2.3,1.6,3.1
M,H,55,2,40,3.5,1.9,6.2
M,H,55,3,40,5.3,2.5,9.7
M,H,55,4,40,7.7,4,13
M,H,55,5,40,11,7.8,15
M,H,55,6,40,16,0,0
M,H,55,0,45,1.3,0,0
M,H,55,1,45,2,1.4,2.7
M,H,55,2,45,3.1,1.6,5.5
M,H,55,3,45,4.6,2.2,8.5
M,H,55,4,45,6.8,3.5,11
M,H,55,5,45,9.7,6.8,13
M,H,55,6,45,14,0,0
M,H,60,0,15,3,0,0
M,H,60,1,15,4.6,3.2,6.4
M,H,60,2,15,7.1,4.1,11
M,H,60,3,15,11,6,17
M,H,60,4,15,16,9.7,24
M,H,60,5,15,23,16,30
M,H,60,6,15,32,0,0
M,H,60,0,20,2.8,0,0
M,H,60,1,20,4.4,3,5.9
M,H,60,2,20,6.7,3.7,11
M,H,60,3,20,9.9,5.3,17
M,H,60,4,20,15,8.5,23
M,H,60,5,20,21,15,28
M,H,60,6,20,29,0,0
M,H,60,0,25,2.8,0,0
M,H,60,1,25,4.3,2.9,5.6
M,H,60,2,25,6.4,3.5,11
M,H,60,3,25,9.5,4.9,17
M,H,60,4,25,14,7.9,22
M,H,60,5,25,20,14,26
M,H,60,6,25,28,0,0
M,H,60,0,30,2.4,0,0
M,H,60,1,30,3.7,2.5,4.9
M,H,60,2,30,5.6,3.1,9.5
M,H,60,3,30,8.3,4.2,15
M,H,60,4,30,12,6.7,19
M,H,60,5,30,17,12,23
M,H,60,6,30,24,0,0
M,H,60,0,35,2.1,0,0
M,H,60,1,35,3.2,2.2,4.3
M,H,60,2,35,4.9,2.6,8.3
M,H,60,3,35,7.2,3.6,13
M,H,60,4,35,10,5.8,17
M,H,60,5,35,15,11,20
M,H,60,6,35,21,0,0
M,H,60,0,40,1.8,0,0
M,H,60,1,40,2.8,1.9,3.7
M,H,60,2,40,4.2,2.3,7.3
M,H,60,3,40,6.3,3.1,11
M,H,60,4,40,9.1,5,15
M,H,60,5,40,13,9.4,18
M,H,60,6,40,18,0,0
M,H,60,0,45,1.6,0,0
M,H,60,1,45,2.4,1.6,3.2
M,H,60,2,45,3.7,2,6.4
M,H,60,3,45,5.4,2.7,9.8
M,H,60,4,45,7.9,4.3,13
M,H,60,5,45,11,8.1,16
M,H,60,6,45,16,0,0
M,H,65,0,15,3.4,0,0
M,H,65,1,15,5.3,3.8,7.1
M,H,65,2,15,8.1,5,12
M,H,65,3,15,12,7.5,18
M,H,65,4,15,18,12,25
M,H,65,5,15,25,18,32
M,H,65,6,15,34,0,0
M,H,65,0,20,3.2,0,0
M,H,65,1,20,4.9,3.4,6.5
M,H,65,2,20,7.5,4.4,12
M,H,65,3,20,11,6.4,18
M,H,65,4,20,16,10,24
M,H,65,5,20,23,17,30
M,H,65,6,20,32,0,0
M,H,65,0,25,3.1,0,0
M,H,65,1,25,4.7,3.3,6.1
M,H,65,2,25,7.1,4.1,12
M,H,65,3,25,10,5.7,18
M,H,65,4,25,15,9.2,24
M,H,65,5,25,21,16,28
M,H,65,6,25,30,0,0
M,H,65,0,30,2.7,0,0
M,H,65,1,30,4.1,2.8,5.3
M,H,65,2,30,6.1,3.5,10
M,H,65,3,30,9,4.9,15
M,H,65,4,30,13,7.8,21
M,H,65,5,30,19,14,25
M,H,65,6,30,26,0,0
M,H,65,0,35,2.3,0,0
M,H,65,1,35,3.5,2.4,4.6
M,H,65,2,35,5.3,3,8.8
M,H,65,3,35,7.8,4.1,13
M,H,65,4,35,11,6.6,18
M,H,65,5,35,16,12,21
M,H,65,6,35,22,0,0
M,H,65,0,40,2,0,0
M,H,65,1,40,3,2.1,4
M,H,65,2,40,4.6,2.5,7.6
M,H,65,3,40,6.7,3.5,12
M,H,65,4,40,9.7,5.6,16
M,H,65,5,40,14,10,19
M,H,65,6,40,19,0,0
M,H,65,0,45,1.7,0,0
M,H,65,1,45,2.6,1.8,3.5
M,H,65,2,45,3.9,2.2,6.7
M,H,65,3,45,5.8,3,10
M,H,65,4,45,8.4,4.7,14
M,H,65,5,45,12,8.7,16
M,H,65,6,45,17,0,0
M,H,70,0,15,4.3,0,0
M,H,70,1,15,6.5,4.7,8.3
M,H,70,2,15,10,6.4,14
M,H,70,3,15,15,9.7,22
M,H,70,4,15,22,15,31
M,H,70,5,15,32,26,40
M,H,70,6,15,43,0,0
M,H,70,0,20,3.8,0,0
M,H,70,1,20,5.8,4.2,7.4
M,H,70,2,20,8.7,5.5,12
M,H,70,3,20,13,8.4,19
M,H,70,4,20,19,13,28
M,H,70,5,20,28,23,35
M,H,70,6,20,39,0,0
M,H,70,0,25,3.6,0,0
M,H,70,1,25,5.3,3.8,6.8
M,H,70,2,25,7.8,4.9,11
M,H,70,3,25,11,7.1,17
M,H,70,4,25,17,11,24
M,H,70,5,25,24,19,31
M,H,70,6,25,34,0,0
M,H,70,0,30,3.1,0,0
M,H,70,1,30,4.5,3.2,5.8
M,H,70,2,30,6.6,4.1,9.3
M,H,70,3,30,9.6,6,15
M,H,70,4,30,14,9.5,21
M,H,70,5,30,20,16,26
M,H,70,6,30,29,0,0
M,H,70,0,35,2.6,0,0
M,H,70,1,35,3.8,2.7,5
M,H,70,2,35,5.6,3.5,7.9
M,H,70,3,35,8.1,5,12
M,H,70,4,35,12,7.9,18
M,H,70,5,35,17,13,22
M,H,70,6,35,24,0,0
M,H,70,0,40,2.2,0,0
M,H,70,1,40,3.2,2.3,4.3
M,H,70,2,40,4.7,2.9,6.8
M,H,70,3,40,6.8,4.2,10
M,H,70,4,40,9.9,6.5,15
M,H,70,5,40,14,11,19
M,H,70,6,40,21,0,0
M,H,70,0,45,1.9,0,0
M,H,70,1,45,2.8,2,3.7
M,H,70,2,45,4,2.5,5.8
M,H,70,3,45,5.8,3.5,8.9
M,H,70,4,45,8.3,5.5,13
M,H,70,5,45,12,9.1,16
M,H,70,6,45,17,0,0
M,H,75,0,15,5.7,0,0
M,H,75,1,15,9.3,6.4,14
M,H,75,2,15,15,9,23
M,H,75,3,15,23,13,35
M,H,75,4,15,33,20,45
M,H,75,5,15,45,31,54
M,H,75,6,15,57,0,0
M,H,75,0,20,5,0,0
M,H,75,1,20,7.8,5.6,11
M,H,75,2,20,12,7.6,19
M,H,75,3,20,19,12,28
M,H,75,4,20,29,18,40
M,H,75,5,20,41,29,51
M,H,75,6,20,54,0,0
M,H,75,0,25,4.4,0,0
M,H,75,1,25,6.7,4.9,8.2
M,H,75,2,25,10,6.4,14
M,H,75,3,25,16,9.7,23
M,H,75,4,25,24,15,34
M,H,75,5,25,35,26,44
M,H,75,6,25,49,0,0
M,H,75,0,30,3.7,0,0
M,H,75,1,30,5.6,4,6.7
M,H,75,2,30,8.5,5.3,12
M,H,75,3,30,13,8,19
M,H,75,4,30,20,13,28
M,H,75,5,30,29,21,37
M,H,75,6,30,42,0,0
M,H,75,0,35,3.1,0,0
M,H,75,1,35,4.6,3.4,5.7
M,H,75,2,35,7,4.4,9.7
M,H,75,3,35,11,6.5,16
M,H,75,4,35,16,10,24
M,H,75,5,35,24,18,31
M,H,75,6,35,35,0,0
M,H,75,0,40,2.6,0,0
M,H,75,1,40,3.9,2.8,4.8
M,H,75,2,40,5.8,3.6,8
M,H,75,3,40,8.7,5.4,13
M,H,75,4,40,13,8.3,19
M,H,75,5,40,20,15,26
M,H,75,6,40,29,0,0
M,H,75,0,45,2.2,0,0
M,H,75,1,45,3.2,2.3,4.1
M,H,75,2,45,4.8,3,6.6
M,H,75,3,45,7.1,4.4,10
M,H,75,4,45,11,6.8,16
M,H,75,5,45,16,12,21
M,H,75,6,45,24,0,0
M,H,80,0,15,8.3,0,0
M,H,80,1,15,13,9.3,21
M,H,80,2,15,20,13,31
M,H,80,3,15,30,18,42
M,H,80,4,15,41,26,52
M,H,80,5,15,52,37,61
M,H,80,6,15,63,0,0
M,H,80,0,20,7.1,0,0
M,H,80,1,20,11,8,16
M,H,80,2,20,17,11,25
M,H,80,3,20,26,16,37
M,H,80,4,20,37,24,48
M,H,80,5,20,49,35,58
M,H,80,6,20,60,0,0
M,H,80,0,25,6.1,0,0
M,H,80,1,25,9.4,6.9,12
M,H,80,2,25,14,9.2,20
M,H,80,3,25,22,14,30
M,H,80,4,25,32,22,43
M,H,80,5,25,44,32,53
M,H,80,6,25,57,0,0
M,H,80,0,30,5.1,0,0
M,H,80,1,30,7.7,5.6,10
M,H,80,2,30,12,7.5,16
M,H,80,3,30,18,11,25
M,H,80,4,30,26,18,36
M,H,80,5,30,37,26,46
M,H,80,6,30,50,0,0
M,H,80,0,35,4.2,0,0
M,H,80,1,35,6.4,4.6,8.1
M,H,80,2,35,9.6,6.1,13
M,H,80,3,35,15,9.3,20
M,H,80,4,35,22,14,30
M,H,80,5,35,31,22,39
M,H,80,6,35,43,0,0
M,H,80,0,40,3.5,0,0
M,H,80,1,40,5.2,3.8,6.6
M,H,80,2,40,7.9,5,11
M,H,80,3,40,12,7.6,17
M,H,80,4,40,18,12,25
M,H,80,5,40,26,18,33
M,H,80,6,40,37,0,0
M,H,80,0,45,2.9,0,0
M,H,80,1,45,4.3,3.1,5.3
M,H,80,2,45,6.4,4.1,8.6
M,H,80,3,45,9.6,6.2,14
M,H,80,4,45,14,9.4,20
M,H,80,5,45,21,15,27
M,H,80,6,45,30,0,0
M,H,85,0,15,10,0,0
M,H,85,1,15,16,12,26
M,H,85,2,15,25,16,38
M,H,85,3,15,36,23,50
M,H,85,4,15,48,32,60
M,H,85,5,15,60,45,68
M,H,85,6,15,69,0,0
M,H,85,0,20,8.5,0,0
M,H,85,1,20,14,9.8,20
M,H,85,2,20,21,14,31
M,H,85,3,20,31,20,44
M,H,85,4,20,44,29,56
M,H,85,5,20,56,41,65
M,H,85,6,20,67,0,0
M,H,85,0,25,7.2,0,0
M,H,85,1,25,11,8.2,15
M,H,85,2,25,17,11,25
M,H,85,3,25,26,17,37
M,H,85,4,25,38,26,50
M,H,85,5,25,51,37,60
M,H,85,6,25,64,0,0
M,H,85,0,30,6,0,0
M,H,85,1,30,9.2,6.7,12
M,H,85,2,30,14,9,20
M,H,85,3,30,21,14,30
M,H,85,4,30,32,21,42
M,H,85,5,30,44,31,53
M,H,85,6,30,58,0,0
M,H,85,0,35,4.9,0,0
M,H,85,1,35,7.5,5.4,10
M,H,85,2,35,12,7.3,16
M,H,85,3,35,18,11,25
M,H,85,4,35,26,17,36
M,H,85,5,35,37,26,46
M,H,85,6,35,50,0,0
M,H,85,0,40,4.1,0,0
M,H,85,1,40,6.1,4.4,8.1
M,H,85,2,40,9.4,5.9,13
M,H,85,3,40,14,9.1,20
M,H,85,4,40,21,14,30
M,H,85,5,40,31,21,39
M,H,85,6,40,43,0,0
M,H,85,0,45,3.4,0,0
M,H,85,1,45,5,3.6,6.5
M,H,85,2,45,7.6,4.8,10
M,H,85,3,45,12,7.3,16
M,H,85,4,45,17,11,25
M,H,85,5,45,26,18,32
M,H,85,6,45,37,0,0
M,H,90,0,15,9.6,0,0
M,H,90,1,15,16,11,25
M,H,90,2,15,24,16,37
M,H,90,3,15,35,22,49
M,H,90,4,15,47,31,59
M,H,90,5,15,59,44,67
M,H,90,6,15,69,0,0
M,H,90,0,20,8,0,0
M,H,90,1,20,13,9.2,20
M,H,90,2,20,20,13,31
M,H,90,3,20,30,19,43
M,H,90,4,20,42,28,55
M,H,90,5,20,55,40,64
M,H,90,6,20,67,0,0
M,H,90,0,25,6.7,0,0
M,H,90,1,25,11,7.6,15
M,H,90,2,25,17,10,24
M,H,90,3,25,25,16,36
M,H,90,4,25,37,24,48
M,H,90,5,25,50,35,59
M,H,90,6,25,63,0,0
M,H,90,0,30,5.5,0,0
M,H,90,1,30,8.6,6.2,12
M,H,90,2,30,13,8.4,19
M,H,90,3,30,21,13,30
M,H,90,4,30,30,20,41
M,H,90,5,30,43,29,52
M,H,90,6,30,56,0,0
M,H,90,0,35,4.5,0,0
M,H,90,1,35,6.9,5,9.7
M,H,90,2,35,11,6.8,16
M,H,90,3,35,17,10,24
M,H,90,4,35,25,16,35
M,H,90,5,35,36,24,45
M,H,90,6,35,49,0,0
M,H,90,0,40,3.7,0,0
M,H,90,1,40,5.6,4,7.7
M,H,90,2,40,8.7,5.4,12
M,H,90,3,40,13,8.3,19
M,H,90,4,40,20,13,29
M,H,90,5,40,30,20,38
M,H,90,6,40,42,0,0
M,H,90,0,45,3,0,0
M,H,90,1,45,4.6,3.2,6.2
M,H,90,2,45,7,4.4,9.9
M,H,90,3,45,11,6.6,16
M,H,90,4,45,16,10,23
M,H,90,5,45,25,16,31
M,H,90,6,45,35,0,0
F,A,50,0,15,2.2,,NA
F,A,50,1,15,3.5,2.4,5.1
F,A,50,2,15,5.6,3,9.2
F,A,50,3,15,8.8,4.3,15
F,A,50,4,15,14,7.6,21
F,A,50,5,15,21,13,26
F,A,50,6,15,31,,NA
F,A,50,0,20,2,,NA
F,A,50,1,20,3.2,2.2,4.5
F,A,50,2,20,5,2.6,8.5
F,A,50,3,20,7.7,3.7,14
F,A,50,4,20,12,6.3,19
F,A,50,5,20,17,11,23
F,A,50,6,20,25,,NA
F,A,50,0,25,1.9,,NA
F,A,50,1,25,3,2,4.1
F,A,50,2,25,4.7,2.5,8.1
F,A,50,3,25,7.1,3.4,13
F,A,50,4,25,11,5.6,17
F,A,50,5,25,16,11,21
F,A,50,6,25,22,,NA
F,A,50,0,30,1.7,,NA
F,A,50,1,30,2.6,1.8,3.6
F,A,50,2,30,4.1,2.1,7.1
F,A,50,3,30,6.2,2.9,11
F,A,50,4,30,9.2,4.9,15
F,A,50,5,30,14,9.3,18
F,A,50,6,30,20,,NA
F,A,50,0,35,1.5,,NA
F,A,50,1,35,2.3,1.6,3.2
F,A,50,2,35,3.6,1.9,6.2
F,A,50,3,35,5.4,2.5,10
F,A,50,4,35,8.1,4.2,13
F,A,50,5,35,12,8.1,16
F,A,50,6,35,17,,NA
F,A,50,0,40,1.3,,NA
F,A,50,1,40,2,1.4,2.8
F,A,50,2,40,3.1,1.6,5.5
F,A,50,3,40,4.7,2.2,8.8
F,A,50,4,40,7.1,3.7,12
F,A,50,5,40,10,7.1,14
F,A,50,6,40,15,,NA
F,A,50,0,45,1.1,,NA
F,A,50,1,45,1.8,1.2,2.4
F,A,50,2,45,2.7,1.4,4.8
F,A,50,3,45,4.1,1.9,7.8
F,A,50,4,45,6.2,3.2,10
F,A,50,5,45,9.1,6.2,12
F,A,50,6,45,13,,NA
F,A,55,0,15,3.5,,NA
F,A,55,1,15,5.5,3.8,7.7
F,A,55,2,15,8.7,4.9,14
F,A,55,3,15,13,7,22
F,A,55,4,15,20,12,31
F,A,55,5,15,30,20,38
F,A,55,6,15,43,,NA
F,A,55,0,20,3.2,,NA
F,A,55,1,20,5,3.4,6.8
F,A,55,2,20,7.7,4.2,13
F,A,55,3,20,12,5.9,20
F,A,55,4,20,17,10,27
F,A,55,5,20,25,18,33
F,A,55,6,20,36,,NA
F,A,55,0,25,3.1,,NA
F,A,55,1,25,4.7,3.2,6.3
F,A,55,2,25,7.2,3.9,12
F,A,55,3,25,11,5.3,19
F,A,55,4,25,16,8.9,25
F,A,55,5,25,23,16,30
F,A,55,6,25,32,,NA
F,A,55,0,30,2.7,,NA
F,A,55,1,30,4.1,2.8,5.5
F,A,55,2,30,6.3,3.4,11
F,A,55,3,30,9.5,4.6,17
F,A,55,4,30,14,7.7,22
F,A,55,5,30,20,14,27
F,A,55,6,30,29,,NA
F,A,55,0,35,2.3,,NA
F,A,55,1,35,3.6,2.5,4.8
F,A,55,2,35,5.5,3,9.4
F,A,55,3,35,8.3,4,15
F,A,55,4,35,12,6.7,20
F,A,55,5,35,18,13,24
F,A,55,6,35,25,,NA
F,A,55,0,40,2.1,,NA
F,A,55,1,40,3.2,2.1,4.2
F,A,55,2,40,4.8,2.6,8.3
F,A,55,3,40,7.3,3.5,13
F,A,55,4,40,11,5.8,18
F,A,55,5,40,16,11,21
F,A,55,6,40,22,,NA
F,A,55,0,45,1.8,,NA
F,A,55,1,45,2.8,1.9,3.7
F,A,55,2,45,4.2,2.3,7.3
F,A,55,3,45,6.4,3.1,12
F,A,55,4,45,9.4,5,15
F,A,55,5,45,14,9.7,18
F,A,55,6,45,19,,NA
F,A,60,0,15,4.8,,NA
F,A,60,1,15,7.6,5.5,10
F,A,60,2,15,12,7,18
F,A,60,3,15,18,10,29
F,A,60,4,15,27,17,39
F,A,60,5,15,39,28,47
F,A,60,6,15,54,,NA
F,A,60,0,20,4.4,,NA
F,A,60,1,20,6.8,4.7,9
F,A,60,2,20,10,5.9,16
F,A,60,3,20,16,8.4,26
F,A,60,4,20,23,14,35
F,A,60,5,20,33,24,41
F,A,60,6,20,46,,NA
F,A,60,0,25,4.1,,NA
F,A,60,1,25,6.3,4.4,8.2
F,A,60,2,25,9.5,5.3,16
F,A,60,3,25,14,7.3,24
F,A,60,4,25,21,12,32
F,A,60,5,25,29,22,38
F,A,60,6,25,41,,NA
F,A,60,0,30,3.6,,NA
F,A,60,1,30,5.5,3.8,7.2
F,A,60,2,30,8.3,4.6,14
F,A,60,3,30,12,6.3,22
F,A,60,4,30,18,11,28
F,A,60,5,30,26,19,34
F,A,60,6,30,36,,NA
F,A,60,0,35,3.1,,NA
F,A,60,1,35,4.8,3.3,6.3
F,A,60,2,35,7.3,4,12
F,A,60,3,35,11,5.5,19
F,A,60,4,35,16,9.1,25
F,A,60,5,35,23,17,30
F,A,60,6,35,32,,NA
F,A,60,0,40,2.7,,NA
F,A,60,1,40,4.2,2.9,5.5
F,A,60,2,40,6.4,3.5,11
F,A,60,3,40,9.5,4.8,17
F,A,60,4,40,14,7.9,22
F,A,60,5,40,20,15,26
F,A,60,6,40,28,,NA
F,A,60,0,45,2.4,,NA
F,A,60,1,45,3.7,2.5,4.8
F,A,60,2,45,5.6,3,9.4
F,A,60,3,45,8.3,4.1,15
F,A,60,4,45,12,6.8,20
F,A,60,5,45,18,13,23
F,A,60,6,45,25,,NA
F,A,65,0,15,6.4,,NA
F,A,65,1,15,10,7.5,13
F,A,65,2,15,16,9.8,22
F,A,65,3,15,23,15,35
F,A,65,4,15,34,23,47
F,A,65,5,15,47,37,56
F,A,65,6,15,63,,NA
F,A,65,0,20,5.5,,NA
F,A,65,1,20,8.6,6.2,11
F,A,65,2,20,13,7.9,20
F,A,65,3,20,19,11,31
F,A,65,4,20,28,19,41
F,A,65,5,20,40,31,49
F,A,65,6,20,54,,NA
F,A,65,0,25,5.1,,NA
F,A,65,1,25,7.8,5.5,9.9
F,A,65,2,25,12,6.8,18
F,A,65,3,25,17,9.5,29
F,A,65,4,25,25,16,37
F,A,65,5,25,35,27,44
F,A,65,6,25,48,,NA
F,A,65,0,30,4.4,,NA
F,A,65,1,30,6.8,4.7,8.6
F,A,65,2,30,10,5.8,16
F,A,65,3,30,15,8.2,25
F,A,65,4,30,22,14,33
F,A,65,5,30,31,24,39
F,A,65,6,30,42,,NA
F,A,65,0,35,3.8,,NA
F,A,65,1,35,5.9,4.1,7.5
F,A,65,2,35,8.9,5,14
F,A,65,3,35,13,7,22
F,A,65,4,35,19,12,29
F,A,65,5,35,27,21,35
F,A,65,6,35,37,,NA
F,A,65,0,40,3.3,,NA
F,A,65,1,40,5.1,3.6,6.6
F,A,65,2,40,7.7,4.3,13
F,A,65,3,40,11,6,20
F,A,65,4,40,17,10,26
F,A,65,5,40,24,18,31
F,A,65,6,40,33,,NA
F,A,65,0,45,2.9,,NA
F,A,65,1,45,4.5,3.1,5.8
F,A,65,2,45,6.7,3.8,11
F,A,65,3,45,10,5.2,17
F,A,65,4,45,15,8.6,23
F,A,65,5,45,21,16,27
F,A,65,6,45,29,,NA
F,A,70,0,15,8.9,,NA
F,A,70,1,15,14,11,17
F,A,70,2,15,21,14,28
F,A,70,3,15,32,22,45
F,A,70,4,15,47,36,61
F,A,70,5,15,63,57,72
F,A,70,6,15,78,,NA
F,A,70,0,20,7.3,,NA
F,A,70,1,20,11,8.4,14
F,A,70,2,20,17,11,23
F,A,70,3,20,25,16,36
F,A,70,4,20,37,28,50
F,A,70,5,20,52,45,61
F,A,70,6,20,69,,NA
F,A,70,0,25,6.4,,NA
F,A,70,1,25,9.5,7.1,12
F,A,70,2,25,14,9,20
F,A,70,3,25,21,13,31
F,A,70,4,25,30,21,42
F,A,70,5,25,42,35,51
F,A,70,6,25,58,,NA
F,A,70,0,30,5.6,,NA
F,A,70,1,30,8.2,6.1,10
F,A,70,2,30,12,7.6,17
F,A,70,3,30,18,11,26
F,A,70,4,30,26,18,36
F,A,70,5,30,37,30,45
F,A,70,6,30,51,,NA
F,A,70,0,35,4.8,,NA
F,A,70,1,35,7,5.2,9
F,A,70,2,35,10,6.5,15
F,A,70,3,35,15,9.3,23
F,A,70,4,35,22,15,31
F,A,70,5,35,31,26,39
F,A,70,6,35,44,,NA
F,A,70,0,40,4.1,,NA
F,A,70,1,40,6.1,4.5,7.8
F,A,70,2,40,8.9,5.6,13
F,A,70,3,40,13,7.9,20
F,A,70,4,40,19,13,27
F,A,70,5,40,27,22,34
F,A,70,6,40,38,,NA
F,A,70,0,45,3.6,,NA
F,A,70,1,45,5.2,3.9,6.8
F,A,70,2,45,7.6,4.8,11
F,A,70,3,45,11,6.7,17
F,A,70,4,45,16,11,24
F,A,70,5,45,23,18,29
F,A,70,6,45,33,,NA
F,A,75,0,15,13,,NA
F,A,75,1,15,21,16,29
F,A,75,2,15,33,21,46
F,A,75,3,15,48,32,64
F,A,75,4,15,65,49,78
F,A,75,5,15,78,66,84
F,A,75,6,15,86,,NA
F,A,75,0,20,10,,NA
F,A,75,1,20,16,12,20
F,A,75,2,20,25,16,35
F,A,75,3,20,38,24,53
F,A,75,4,20,54,39,69
F,A,75,5,20,71,57,79
F,A,75,6,20,84,,NA
F,A,75,0,25,8.5,,NA
F,A,75,1,25,13,9.7,15
F,A,75,2,25,19,12,26
F,A,75,3,25,29,18,41
F,A,75,4,25,43,30,57
F,A,75,5,25,60,48,69
F,A,75,6,25,77,,NA
F,A,75,0,30,7.2,,NA
F,A,75,1,30,11,8.2,13
F,A,75,2,30,16,10,21
F,A,75,3,30,24,15,35
F,A,75,4,30,36,26,49
F,A,75,5,30,52,41,61
F,A,75,6,30,70,,NA
F,A,75,0,35,6.2,,NA
F,A,75,1,35,9.2,6.9,11
F,A,75,2,35,14,8.8,18
F,A,75,3,35,21,13,30
F,A,75,4,35,31,22,43
F,A,75,5,35,45,36,54
F,A,75,6,35,62,,NA
F,A,75,0,40,5.3,,NA
F,A,75,1,40,7.8,5.9,9.6
F,A,75,2,40,12,7.5,15
F,A,75,3,40,17,11,25
F,A,75,4,40,26,18,36
F,A,75,5,40,38,31,46
F,A,75,6,40,54,,NA
F,A,75,0,45,4.5,,NA
F,A,75,1,45,6.6,5,8.2
F,A,75,2,45,9.8,6.3,13
F,A,75,3,45,15,9.1,21
F,A,75,4,45,22,15,31
F,A,75,5,45,32,26,40
F,A,75,6,45,47,,NA
F,A,80,0,15,19,,NA
F,A,80,1,15,29,22,41
F,A,80,2,15,43,30,58
F,A,80,3,15,58,43,72
F,A,80,4,15,71,57,80
F,A,80,5,15,80,70,85
F,A,80,6,15,85,,NA
F,A,80,0,20,15,,NA
F,A,80,1,20,23,17,30
F,A,80,2,20,34,23,48
F,A,80,3,20,49,34,64
F,A,80,4,20,64,49,76
F,A,80,5,20,77,65,83
F,A,80,6,20,85,,NA
F,A,80,0,25,12,,NA
F,A,80,1,25,18,14,22
F,A,80,2,25,27,18,37
F,A,80,3,25,39,27,52
F,A,80,4,25,54,40,68
F,A,80,5,25,70,58,78
F,A,80,6,25,82,,NA
F,A,80,0,30,10,,NA
F,A,80,1,30,15,12,18
F,A,80,2,30,23,15,31
F,A,80,3,30,33,22,45
F,A,80,4,30,47,34,60
F,A,80,5,30,63,51,71
F,A,80,6,30,77,,NA
F,A,80,0,35,8.9,,NA
F,A,80,1,35,13,9.9,15
F,A,80,2,35,19,13,26
F,A,80,3,35,28,19,38
F,A,80,4,35,41,29,53
F,A,80,5,35,56,44,64
F,A,80,6,35,71,,NA
F,A,80,0,40,7.6,,NA
F,A,80,1,40,11,8.4,13
F,A,80,2,40,16,11,22
F,A,80,3,40,24,16,33
F,A,80,4,40,35,25,46
F,A,80,5,40,48,38,57
F,A,80,6,40,64,,NA
F,A,80,0,45,6.4,,NA
F,A,80,1,45,9.4,7.1,11
F,A,80,2,45,14,9,18
F,A,80,3,45,20,13,28
F,A,80,4,45,29,21,39
F,A,80,5,45,42,33,50
F,A,80,6,45,57,,NA
F,A,85,0,15,22,,NA
F,A,85,1,15,33,26,46
F,A,85,2,15,47,34,63
F,A,85,3,15,61,47,75
F,A,85,4,15,73,60,82
F,A,85,5,15,81,72,85
F,A,85,6,15,85,,NA
F,A,85,0,20,17,,NA
F,A,85,1,20,26,20,36
F,A,85,2,20,39,27,53
F,A,85,3,20,54,39,69
F,A,85,4,20,68,54,79
F,A,85,5,20,79,69,85
F,A,85,6,20,85,,NA
F,A,85,0,25,14,,NA
F,A,85,1,25,22,17,27
F,A,85,2,25,32,22,43
F,A,85,3,25,45,31,58
F,A,85,4,25,60,46,73
F,A,85,5,25,74,63,82
F,A,85,6,25,84,,NA
F,A,85,0,30,12,,NA
F,A,85,1,30,18,14,22
F,A,85,2,30,27,18,36
F,A,85,3,30,39,26,51
F,A,85,4,30,53,39,66
F,A,85,5,30,68,56,76
F,A,85,6,30,80,,NA
F,A,85,0,35,10,,NA
F,A,85,1,35,15,12,18
F,A,85,2,35,23,15,30
F,A,85,3,35,33,22,44
F,A,85,4,35,46,34,59
F,A,85,5,35,61,49,70
F,A,85,6,35,75,,NA
F,A,85,0,40,8.8,,NA
F,A,85,1,40,13,9.7,15
F,A,85,2,40,19,13,25
F,A,85,3,40,28,18,38
F,A,85,4,40,39,29,52
F,A,85,5,40,54,42,63
F,A,85,6,40,69,,NA
F,A,85,0,45,7.5,,NA
F,A,85,1,45,11,8.2,13
F,A,85,2,45,16,11,21
F,A,85,3,45,23,15,32
F,A,85,4,45,34,24,45
F,A,85,5,45,47,37,55
F,A,85,6,45,62,,NA
F,A,90,0,15,19,,NA
F,A,90,1,15,30,22,43
F,A,90,2,15,43,30,58
F,A,90,3,15,56,42,70
F,A,90,4,15,68,54,78
F,A,90,5,15,77,67,82
F,A,90,6,15,82,,NA
F,A,90,0,20,16,,NA
F,A,90,1,20,24,18,34
F,A,90,2,20,36,25,49
F,A,90,3,20,50,36,64
F,A,90,4,20,64,49,75
F,A,90,5,20,75,63,81
F,A,90,6,20,82,,NA
F,A,90,0,25,14,,NA
F,A,90,1,25,20,15,26
F,A,90,2,25,30,20,40
F,A,90,3,25,42,29,55
F,A,90,4,25,57,43,69
F,A,90,5,25,71,58,78
F,A,90,6,25,81,,NA
F,A,90,0,30,11,,NA
F,A,90,1,30,17,13,21
F,A,90,2,30,25,17,34
F,A,90,3,30,36,25,48
F,A,90,4,30,50,37,63
F,A,90,5,30,64,51,73
F,A,90,6,30,76,,NA
F,A,90,0,35,9.6,,NA
F,A,90,1,35,14,11,18
F,A,90,2,35,21,14,28
F,A,90,3,35,30,20,41
F,A,90,4,35,43,31,55
F,A,90,5,35,57,44,66
F,A,90,6,35,71,,NA
F,A,90,0,40,8.1,,NA
F,A,90,1,40,12,8.8,14
F,A,90,2,40,17,11,23
F,A,90,3,40,26,17,35
F,A,90,4,40,36,26,48
F,A,90,5,40,50,38,59
F,A,90,6,40,64,,NA
F,A,90,0,45,6.8,,NA
F,A,90,1,45,10,7.4,12
F,A,90,2,45,15,9.5,19
F,A,90,3,45,21,14,29
F,A,90,4,45,31,22,41
F,A,90,5,45,43,33,52
F,A,90,6,45,57,,NA
M,A,50,0,15,1.7,,NA
M,A,50,1,15,2.7,1.8,3.8
M,A,50,2,15,4.2,2.2,7.1
M,A,50,3,15,6.5,3.2,12
M,A,50,4,15,10,5.4,16
M,A,50,5,15,15,9.5,20
M,A,50,6,15,22,,NA
M,A,50,0,20,1.6,,NA
M,A,50,1,20,2.5,1.7,3.5
M,A,50,2,20,3.9,2.1,6.8
M,A,50,3,20,6,2.9,11
M,A,50,4,20,9,4.7,15
M,A,50,5,20,13,8.8,18
M,A,50,6,20,19,,NA
M,A,50,0,25,1.6,,NA
M,A,50,1,25,2.5,1.6,3.3
M,A,50,2,25,3.8,2,6.6
M,A,50,3,25,5.7,2.7,11
M,A,50,4,25,8.5,4.4,14
M,A,50,5,25,12,8.5,17
M,A,50,6,25,18,,NA
M,A,50,0,30,1.4,,NA
M,A,50,1,30,2.1,1.4,2.9
M,A,50,2,30,3.3,1.7,5.8
M,A,50,3,30,5,2.3,9.2
M,A,50,4,30,7.4,3.8,12
M,A,50,5,30,11,7.4,15
M,A,50,6,30,16,,NA
M,A,50,0,35,1.2,,NA
M,A,50,1,35,1.9,1.3,2.6
M,A,50,2,35,2.9,1.5,5.1
M,A,50,3,35,4.3,2,8.1
M,A,50,4,35,6.4,3.3,11
M,A,50,5,35,9.4,6.5,13
M,A,50,6,35,14,,NA
M,A,50,0,40,1.1,,NA
M,A,50,1,40,1.6,1.1,2.2
M,A,50,2,40,2.5,1.3,4.5
M,A,50,3,40,3.8,1.8,7.1
M,A,50,4,40,5.6,2.9,9.5
M,A,50,5,40,8.2,5.7,11
M,A,50,6,40,12,,NA
M,A,50,0,45,0.9,,NA
M,A,50,1,45,1.4,1,2
M,A,50,2,45,2.2,1.1,3.9
M,A,50,3,45,3.3,1.5,6.3
M,A,50,4,45,4.9,2.5,8.3
M,A,50,5,45,7.2,5,9.9
M,A,50,6,45,10,,NA
M,A,55,0,15,2.4,,NA
M,A,55,1,15,3.8,2.6,5.4
M,A,55,2,15,6,3.3,9.8
M,A,55,3,15,9.2,4.7,16
M,A,55,4,15,14,8,21
M,A,55,5,15,20,14,27
M,A,55,6,15,29,,NA
M,A,55,0,20,2.3,,NA
M,A,55,1,20,3.6,2.5,4.9
M,A,55,2,20,5.5,3,9.4
M,A,55,3,20,8.4,4.2,15
M,A,55,4,20,12,6.9,20
M,A,55,5,20,18,13,24
M,A,55,6,20,26,,NA
M,A,55,0,25,2.3,,NA
M,A,55,1,25,3.5,2.4,4.7
M,A,55,2,25,5.3,2.9,9.2
M,A,55,3,25,8,3.9,14
M,A,55,4,25,12,6.4,19
M,A,55,5,25,17,12,23
M,A,55,6,25,24,,NA
M,A,55,0,30,2,,NA
M,A,55,1,30,3.1,2.1,4.1
M,A,55,2,30,4.7,2.5,8
M,A,55,3,30,7,3.4,13
M,A,55,4,30,10,5.5,17
M,A,55,5,30,15,10,20
M,A,55,6,30,21,,NA
M,A,55,0,35,1.7,,NA
M,A,55,1,35,2.7,1.8,3.6
M,A,55,2,35,4.1,2.2,7.1
M,A,55,3,35,6.1,2.9,11
M,A,55,4,35,9,4.8,15
M,A,55,5,35,13,9.1,18
M,A,55,6,35,18,,NA
M,A,55,0,40,1.5,,NA
M,A,55,1,40,2.3,1.6,3.1
M,A,55,2,40,3.6,1.9,6.2
M,A,55,3,40,5.3,2.6,9.8
M,A,55,4,40,7.8,4.1,13
M,A,55,5,40,11,8,15
M,A,55,6,40,16,,NA
M,A,55,0,45,1.3,,NA
M,A,55,1,45,2.1,1.4,2.7
M,A,55,2,45,3.1,1.6,5.4
M,A,55,3,45,4.7,2.2,8.6
M,A,55,4,45,6.8,3.6,11
M,A,55,5,45,9.9,7,14
M,A,55,6,45,14,,NA
M,A,60,0,15,3.1,,NA
M,A,60,1,15,4.9,3.4,6.7
M,A,60,2,15,7.5,4.4,12
M,A,60,3,15,11,6.4,19
M,A,60,4,15,17,11,26
M,A,60,5,15,25,17,32
M,A,60,6,15,35,,NA
M,A,60,0,20,2.9,,NA
M,A,60,1,20,4.5,3.1,6
M,A,60,2,20,6.9,3.9,11
M,A,60,3,20,10,5.5,18
M,A,60,4,20,15,9.1,24
M,A,60,5,20,22,16,29
M,A,60,6,20,31,,NA
M,A,60,0,25,2.8,,NA
M,A,60,1,25,4.3,2.9,5.6
M,A,60,2,25,6.5,3.6,11
M,A,60,3,25,9.7,4.9,17
M,A,60,4,25,14,8.1,23
M,A,60,5,25,20,15,27
M,A,60,6,25,29,,NA
M,A,60,0,30,2.4,,NA
M,A,60,1,30,3.7,2.5,4.9
M,A,60,2,30,5.7,3.1,9.5
M,A,60,3,30,8.4,4.3,15
M,A,60,4,30,12,6.9,20
M,A,60,5,30,18,13,24
M,A,60,6,30,25,,NA
M,A,60,0,35,2.1,,NA
M,A,60,1,35,3.3,2.2,4.3
M,A,60,2,35,4.9,2.7,8.3
M,A,60,3,35,7.3,3.7,13
M,A,60,4,35,11,6,17
M,A,60,5,35,15,11,21
M,A,60,6,35,22,,NA
M,A,60,0,40,1.9,,NA
M,A,60,1,40,2.8,1.9,3.7
M,A,60,2,40,4.3,2.3,7.3
M,A,60,3,40,6.4,3.2,11
M,A,60,4,40,9.3,5.1,15
M,A,60,5,40,13,9.7,18
M,A,60,6,40,19,,NA
M,A,60,0,45,1.6,,NA
M,A,60,1,45,2.5,1.7,3.2
M,A,60,2,45,3.7,2,6.4
M,A,60,3,45,5.6,2.7,10
M,A,60,4,45,8.1,4.4,13
M,A,60,5,45,12,8.4,16
M,A,60,6,45,17,,NA
M,A,65,0,15,3.7,,NA
M,A,65,1,15,5.8,4.2,7.7
M,A,65,2,15,8.9,5.5,13
M,A,65,3,15,13,8.4,20
M,A,65,4,15,20,13,28
M,A,65,5,15,28,21,35
M,A,65,6,15,39,,NA
M,A,65,0,20,3.3,,NA
M,A,65,1,20,5.2,3.6,6.8
M,A,65,2,20,7.9,4.7,12
M,A,65,3,20,12,6.8,19
M,A,65,4,20,17,11,26
M,A,65,5,20,25,18,32
M,A,65,6,20,34,,NA
M,A,65,0,25,3.2,,NA
M,A,65,1,25,4.8,3.4,6.2
M,A,65,2,25,7.3,4.2,12
M,A,65,3,25,11,5.9,18
M,A,65,4,25,16,9.7,24
M,A,65,5,25,22,17,29
M,A,65,6,25,31,,NA
M,A,65,0,30,2.7,,NA
M,A,65,1,30,4.2,2.9,5.4
M,A,65,2,30,6.3,3.6,10
M,A,65,3,30,9.3,5,16
M,A,65,4,30,14,8.2,21
M,A,65,5,30,19,14,26
M,A,65,6,30,27,,NA
M,A,65,0,35,2.4,,NA
M,A,65,1,35,3.6,2.5,4.7
M,A,65,2,35,5.4,3.1,8.9
M,A,65,3,35,8,4.3,14
M,A,65,4,35,12,7,19
M,A,65,5,35,17,12,22
M,A,65,6,35,24,,NA
M,A,65,0,40,2.1,,NA
M,A,65,1,40,3.1,2.1,4
M,A,65,2,40,4.7,2.6,7.8
M,A,65,3,40,6.9,3.7,12
M,A,65,4,40,10,5.9,16
M,A,65,5,40,15,11,19
M,A,65,6,40,20,,NA
M,A,65,0,45,1.8,,NA
M,A,65,1,45,2.7,1.8,3.5
M,A,65,2,45,4.1,2.3,6.8
M,A,65,3,45,6,3.1,11
M,A,65,4,45,8.8,5,14
M,A,65,5,45,13,9.2,17
M,A,65,6,45,18,,NA
M,A,70,0,15,4.7,,NA
M,A,70,1,15,7.3,5.4,9.2
M,A,70,2,15,11,7.4,16
M,A,70,3,15,17,12,25
M,A,70,4,15,26,18,36
M,A,70,5,15,37,31,46
M,A,70,6,15,50,,NA
M,A,70,0,20,4.1,,NA
M,A,70,1,20,6.2,4.6,7.9
M,A,70,2,20,9.4,6,13
M,A,70,3,20,14,9.1,21
M,A,70,4,20,21,15,30
M,A,70,5,20,31,26,39
M,A,70,6,20,44,,NA
M,A,70,0,25,3.7,,NA
M,A,70,1,25,5.5,4,7
M,A,70,2,25,8.1,5.1,11
M,A,70,3,25,12,7.5,18
M,A,70,4,25,18,12,26
M,A,70,5,25,26,21,33
M,A,70,6,25,37,,NA
M,A,70,0,30,3.2,,NA
M,A,70,1,30,4.6,3.4,6
M,A,70,2,30,6.9,4.3,9.6
M,A,70,3,30,10,6.3,15
M,A,70,4,30,15,10,22
M,A,70,5,30,22,17,28
M,A,70,6,30,32,,NA
M,A,70,0,35,2.7,,NA
M,A,70,1,35,4,2.9,5.1
M,A,70,2,35,5.8,3.6,8.2
M,A,70,3,35,8.6,5.3,13
M,A,70,4,35,13,8.6,19
M,A,70,5,35,18,15,24
M,A,70,6,35,27,,NA
M,A,70,0,40,2.3,,NA
M,A,70,1,40,3.4,2.4,4.4
M,A,70,2,40,4.9,3.1,7
M,A,70,3,40,7.2,4.4,11
M,A,70,4,40,11,7.1,16
M,A,70,5,40,15,12,20
M,A,70,6,40,22,,NA
M,A,70,0,45,2,,NA
M,A,70,1,45,2.9,2.1,3.8
M,A,70,2,45,4.2,2.6,6
M,A,70,3,45,6.1,3.7,9.5
M,A,70,4,45,8.9,6,13
M,A,70,5,45,13,10,17
M,A,70,6,45,19,,NA
M,A,75,0,15,6.4,,NA
M,A,75,1,15,11,7.4,16
M,A,75,2,15,17,10,26
M,A,75,3,15,26,16,39
M,A,75,4,15,38,24,51
M,A,75,5,15,51,37,61
M,A,75,6,15,63,,NA
M,A,75,0,20,5.3,,NA
M,A,75,1,20,8.5,6.1,12
M,A,75,2,20,14,8.3,20
M,A,75,3,20,21,13,31
M,A,75,4,20,32,20,45
M,A,75,5,20,46,33,55
M,A,75,6,20,60,,NA
M,A,75,0,25,4.6,,NA
M,A,75,1,25,7,5.1,8.5
M,A,75,2,25,11,6.8,15
M,A,75,3,25,17,10,25
M,A,75,4,25,26,17,36
M,A,75,5,25,38,28,47
M,A,75,6,25,53,,NA
M,A,75,0,30,3.8,,NA
M,A,75,1,30,5.8,4.3,7
M,A,75,2,30,8.9,5.6,12
M,A,75,3,30,14,8.4,20
M,A,75,4,30,21,14,30
M,A,75,5,30,32,23,40
M,A,75,6,30,46,,NA
M,A,75,0,35,3.2,,NA
M,A,75,1,35,4.8,3.5,5.9
M,A,75,2,35,7.4,4.6,10
M,A,75,3,35,11,6.9,17
M,A,75,4,35,17,11,25
M,A,75,5,35,27,19,33
M,A,75,6,35,39,,NA
M,A,75,0,40,2.7,,NA
M,A,75,1,40,4,3,5
M,A,75,2,40,6.1,3.8,8.3
M,A,75,3,40,9.3,5.7,14
M,A,75,4,40,14,9.1,21
M,A,75,5,40,22,16,28
M,A,75,6,40,33,,NA
M,A,75,0,45,2.3,,NA
M,A,75,1,45,3.4,2.5,4.2
M,A,75,2,45,5,3.2,6.9
M,A,75,3,45,7.6,4.7,11
M,A,75,4,45,12,7.5,17
M,A,75,5,45,18,13,23
M,A,75,6,45,27,,NA
M,A,80,0,15,9,,NA
M,A,80,1,15,15,10,23
M,A,80,2,15,23,15,34
M,A,80,3,15,33,21,46
M,A,80,4,15,45,30,56
M,A,80,5,15,56,42,65
M,A,80,6,15,67,,NA
M,A,80,0,20,7.4,,NA
M,A,80,1,20,12,8.6,17
M,A,80,2,20,19,12,27
M,A,80,3,20,28,18,40
M,A,80,4,20,40,27,52
M,A,80,5,20,53,38,62
M,A,80,6,20,65,,NA
M,A,80,0,25,6.3,,NA
M,A,80,1,25,9.7,7.2,13
M,A,80,2,25,15,9.6,21
M,A,80,3,25,23,15,32
M,A,80,4,25,33,23,45
M,A,80,5,25,47,34,56
M,A,80,6,25,61,,NA
M,A,80,0,30,5.2,,NA
M,A,80,1,30,8,5.9,10
M,A,80,2,30,12,7.8,17
M,A,80,3,30,19,12,26
M,A,80,4,30,28,19,38
M,A,80,5,30,40,28,48
M,A,80,6,30,54,,NA
M,A,80,0,35,4.4,,NA
M,A,80,1,35,6.6,4.8,8.4
M,A,80,2,35,10,6.4,14
M,A,80,3,35,15,9.8,22
M,A,80,4,35,23,15,32
M,A,80,5,35,33,24,41
M,A,80,6,35,46,,NA
M,A,80,0,40,3.6,,NA
M,A,80,1,40,5.4,4,6.8
M,A,80,2,40,8.2,5.2,11
M,A,80,3,40,12,8,18
M,A,80,4,40,19,12,26
M,A,80,5,40,28,19,35
M,A,80,6,40,39,,NA
M,A,80,0,45,3,,NA
M,A,80,1,45,4.5,3.3,5.5
M,A,80,2,45,6.8,4.3,9.1
M,A,80,3,45,10,6.5,14
M,A,80,4,45,15,10,22
M,A,80,5,45,23,16,29
M,A,80,6,45,33,,NA
M,A,85,0,15,11,,NA
M,A,85,1,15,17,12,27
M,A,85,2,15,26,17,40
M,A,85,3,15,38,25,52
M,A,85,4,15,50,34,62
M,A,85,5,15,62,47,70
M,A,85,6,15,72,,NA
M,A,85,0,20,8.7,,NA
M,A,85,1,20,14,10,21
M,A,85,2,20,22,14,32
M,A,85,3,20,32,21,45
M,A,85,4,20,45,31,58
M,A,85,5,20,58,43,67
M,A,85,6,20,70,,NA
M,A,85,0,25,7.2,,NA
M,A,85,1,25,11,8.3,16
M,A,85,2,25,18,11,25
M,A,85,3,25,27,17,38
M,A,85,4,25,39,26,51
M,A,85,5,25,53,38,62
M,A,85,6,25,66,,NA
M,A,85,0,30,6,,NA
M,A,85,1,30,9.3,6.8,13
M,A,85,2,30,14,9.1,21
M,A,85,3,30,22,14,31
M,A,85,4,30,32,22,43
M,A,85,5,30,45,32,54
M,A,85,6,30,59,,NA
M,A,85,0,35,4.9,,NA
M,A,85,1,35,7.6,5.5,10
M,A,85,2,35,12,7.4,17
M,A,85,3,35,18,11,26
M,A,85,4,35,27,18,37
M,A,85,5,35,39,27,47
M,A,85,6,35,52,,NA
M,A,85,0,40,4.1,,NA
M,A,85,1,40,6.2,4.5,8.1
M,A,85,2,40,9.5,6,13
M,A,85,3,40,15,9.3,21
M,A,85,4,40,22,14,31
M,A,85,5,40,32,22,40
M,A,85,6,40,45,,NA
M,A,85,0,45,3.4,,NA
M,A,85,1,45,5.1,3.7,6.6
M,A,85,2,45,7.8,4.9,11
M,A,85,3,45,12,7.5,17
M,A,85,4,45,18,12,25
M,A,85,5,45,27,18,33
M,A,85,6,45,38,,NA
M,A,90,0,15,9.5,,NA
M,A,90,1,15,16,11,25
M,A,90,2,15,24,16,37
M,A,90,3,15,35,22,49
M,A,90,4,15,48,32,60
M,A,90,5,15,60,44,68
M,A,90,6,15,70,,NA
M,A,90,0,20,7.8,,NA
M,A,90,1,20,13,9.1,20
M,A,90,2,20,20,13,30
M,A,90,3,20,30,19,43
M,A,90,4,20,42,28,55
M,A,90,5,20,56,40,65
M,A,90,6,20,68,,NA
M,A,90,0,25,6.5,,NA
M,A,90,1,25,10,7.5,15
M,A,90,2,25,16,10,24
M,A,90,3,25,25,16,35
M,A,90,4,25,36,24,48
M,A,90,5,25,50,35,59
M,A,90,6,25,63,,NA
M,A,90,0,30,5.3,,NA
M,A,90,1,30,8.4,6,12
M,A,90,2,30,13,8.3,19
M,A,90,3,30,20,13,29
M,A,90,4,30,30,20,41
M,A,90,5,30,43,29,52
M,A,90,6,30,56,,NA
M,A,90,0,35,4.4,,NA
M,A,90,1,35,6.8,4.9,9.4
M,A,90,2,35,11,6.6,15
M,A,90,3,35,16,10,24
M,A,90,4,35,25,16,34
M,A,90,5,35,36,24,44
M,A,90,6,35,49,,NA
M,A,90,0,40,3.6,,NA
M,A,90,1,40,5.5,3.9,7.5
M,A,90,2,40,8.5,5.3,12
M,A,90,3,40,13,8.2,19
M,A,90,4,40,20,13,28
M,A,90,5,40,30,20,37
M,A,90,6,40,42,,NA
M,A,90,0,45,2.9,,NA
M,A,90,1,45,4.5,3.2,6
M,A,90,2,45,6.9,4.3,9.7
M,A,90,3,45,11,6.5,15
M,A,90,4,45,16,10,23
M,A,90,5,45,24,16,31
M,A,90,6,45,35,,NA
